Unnamed: 0,gmap_id,Estado,category,avg_rating,name,latitude,longitude
18757,0x56c895df9164392f:0xd1f10a3c944a7936,Alaska,Mexican restaurant,3.2,Picos 'n Salsa,61.2406318,-149.802957
18758,0x56c897c50e5008b3:0x1cf3cffd703fcf7c,Alaska,East African restaurant,4.7,Safari Restaurant Somali Cuisine,61.1946942,-149.8917046
18770,0x56c8978de7383f61:0xf6378bc1ef92e26c,Alaska,Vietnamese restaurant,4.6,Mekong Phở,61.224429,-149.80587599999998
18778,0x56c897dd0e701991:0xa345baf2459f9bba,Alaska,American restaurant,3.9,TapRoot in Spenard,61.1902167,-149.90823319999998
18787,0x57abb0cfc31c0d15:0xb167f2687bc999cc,Alaska,Fast food restaurant,4.5,Dutch Harbor Restaurant,53.8829912,-166.5524443
18814,0x56c67b8b17d34cdf:0x8095fe0f2040c344,Alaska,Japanese restaurant,3.5,Samurai Sam's,60.5599038,-151.2378767
18814,0x56c67b8b17d34cdf:0x8095fe0f2040c344,Alaska,Asian fusion restaurant,3.5,Samurai Sam's,60.5599038,-151.2378767
18814,0x56c67b8b17d34cdf:0x8095fe0f2040c344,Alaska,Asian restaurant,3.5,Samurai Sam's,60.5599038,-151.2378767
18814,0x56c67b8b17d34cdf:0x8095fe0f2040c344,Alaska,Chinese restaurant,3.5,Samurai Sam's,60.5599038,-151.2378767
18814,0x56c67b8b17d34cdf:0x8095fe0f2040c344,Alaska,Fast food restaurant,3.5,Samurai Sam's,60.5599038,-151.2378767
18814,0x56c67b8b17d34cdf:0x8095fe0f2040c344,Alaska,Thai restaurant,3.5,Samurai Sam's,60.5599038,-151.2378767
18833,0x56b646902f0e02db:0x9df1645db4acc9bd,Alaska,Italian restaurant,3.7,Roma Italian Kitchen,61.1260069,-146.35035209999998
18839,0x56c8de134aeea043:0x184e42f43d4bde15,Alaska,Breakfast restaurant,4.2,Holiday Stationstores,61.5813579,-149.43898769999998
18841,0x56c89708a427498f:0x88aa45df15207788,Alaska,Breakfast restaurant,3.5,Holiday Stationstores,61.1803382,-149.8262297
18860,0x56c897c012946765:0x258183db6f1a4798,Alaska,American restaurant,3.8,Pepper Mill,61.183345,-149.8876473
18871,0x540c251bfe0281e3:0xa578c9c91d3b013d,Alaska,Mexican restaurant,4.5,Garcia's Galley,55.3371782,-131.6322803
18891,0x56c8e142c2d38ac7:0x64f1a83f8d18bcab,Alaska,Barbecue restaurant,4.5,Bear's Belly BBQ at Fox Run Lodge,61.552259,-149.228958
18898,0x56c8999ad35a8539:0x731ffb7cf254148d,Alaska,Pizza restaurant,4.2,Great Alaska Pizza Company,61.1081123,-149.85684949999998
18901,0x56c897c61ab35a83:0x252d135c35b2071e,Alaska,Pizza restaurant,2.9,Pizza Hut,61.1938514,-149.8824429
18920,0x54011e1e929a6a6b:0xd548f3a8e2223a40,Alaska,Peruvian restaurant,4.3,Four Plates Cocina Peruana,58.3708292,-134.6078536
18936,0x56c8de12d6b46139:0xeab4721bd7157311,Alaska,American restaurant,4.5,Albatross Clubhouse Restaurant,61.5050882,-149.6147504
18940,0x56c897c83c13eab5:0xf827c29717bd7cc3,Alaska,Chinese restaurant,3.6,AK WOK,61.1942646,-149.8727605
18958,0x56c899900418e833:0xb12a098fa6c88f62,Alaska,Pizza restaurant,4.2,Papa Murphy's | Take 'N' Bake Pizza,61.1106544,-149.8544024
18958,0x56c899900418e833:0xb12a098fa6c88f62,Alaska,Family restaurant,4.2,Papa Murphy's | Take 'N' Bake Pizza,61.1106544,-149.8544024
18958,0x56c899900418e833:0xb12a098fa6c88f62,Alaska,Italian restaurant,4.2,Papa Murphy's | Take 'N' Bake Pizza,61.1106544,-149.8544024
18958,0x56c899900418e833:0xb12a098fa6c88f62,Alaska,Vegetarian restaurant,4.2,Papa Murphy's | Take 'N' Bake Pizza,61.1106544,-149.8544024
19002,0x56c897e7abe2cfd5:0x691d5af3ec96c640,Alaska,Breakfast restaurant,3.6,Holiday Stationstores,61.1861908,-149.9137591
19004,0x56c8964289975d13:0x7725073e5b1a0fee,Alaska,Vietnamese restaurant,4.1,Phở Lena Express,61.2167662,-149.8182045
19015,0x540c267784541373:0x4f82960d41008f5b,Alaska,Fast food restaurant,3.5,Subway,55.375526,-131.7205381
19020,0x51325b278abbd31b:0xb551e4a3b77513c8,Alaska,American restaurant,4.5,Country Kitchen,64.83572629999999,-147.8030259
19034,0x51325bc1aac6c707:0xb64bc2930aea463,Alaska,Fast food restaurant,4.2,Arby's,64.8352906,-147.81167969999998
19034,0x51325bc1aac6c707:0xb64bc2930aea463,Alaska,American restaurant,4.2,Arby's,64.8352906,-147.81167969999998
19036,0x51325b47c199f87b:0x547a1f82f2641b06,Alaska,Asian restaurant,4.6,Shanghai Thai To Go,64.84877709999999,-147.84818009999998
19039,0x56c666cc9b111855:0x5fa89348d3a1e5f4,Alaska,Barbecue restaurant,4.8,Black Jaxx Barbeque,60.4874154,-151.0611755
19048,0x56c897b3c688a5fb:0x679efcd047955d72,Alaska,Mexican restaurant,4.7,Xalos Burrito Express Midtown,61.1883305,-149.8688867
19067,0x56c8962925aaa589:0xc2fa3b8874c2b88f,Alaska,Greek restaurant,3.8,Tito's Gyros and Roscoe's Catfish and Barbeque,61.2164212,-149.8823404
19069,0x56c8963bc5e48707:0x8163bbffaa98bea1,Alaska,Breakfast restaurant,2.6,Holiday Stationstores,61.2171238,-149.8540008
19087,0x56c79c77d71691bf:0xa14182cc55e45d81,Alaska,Seafood restaurant,3.6,The Crab Shack,60.1188433,-149.4404313
19094,0x56c8998365b6be7d:0x259a4355d76b243e,Alaska,Pizza restaurant,3.5,Pizza Hut,61.1037061,-149.85863329999998
19094,0x56c8998365b6be7d:0x259a4355d76b243e,Alaska,Chicken wings restaurant,3.5,Pizza Hut,61.1037061,-149.85863329999998
19094,0x56c8998365b6be7d:0x259a4355d76b243e,Alaska,Family restaurant,3.5,Pizza Hut,61.1037061,-149.85863329999998
19094,0x56c8998365b6be7d:0x259a4355d76b243e,Alaska,Fast food restaurant,3.5,Pizza Hut,61.1037061,-149.85863329999998
19094,0x56c8998365b6be7d:0x259a4355d76b243e,Alaska,Lunch restaurant,3.5,Pizza Hut,61.1037061,-149.85863329999998
19104,0x56c89869bfea62e3:0x4f109c6835b2bf43,Alaska,Fast food restaurant,4.0,Subway,61.1390233,-149.9512867
19165,0x56c6612feeb32bc5:0xdc8bbb319794f586,Alaska,Fast food restaurant,4.4,Pita Pit,60.48654,-151.06024
19165,0x56c6612feeb32bc5:0xdc8bbb319794f586,Alaska,Mediterranean restaurant,4.4,Pita Pit,60.48654,-151.06024
19171,0x5408ca376a67a049:0x7d32d94e3a0d9c29,Alaska,Fast food restaurant,4.6,J&W's Fast Food,56.4718463,-132.3844599
19172,0x56e73dbfbedc1bb9:0x79a79d9c992f73e7,Alaska,Buffet restaurant,4.4,Spruce Kitchen,59.040523,-158.474568
19191,0x56c89427fdaf92c1:0x8b4172391d230230,Alaska,Pizza restaurant,2.4,Pizza Hut Express,61.2266315,-149.74645859999998
19196,0x5721ab84437c9e07:0x3e2c41ab6bdcc146,Alaska,American restaurant,3.7,Bethel Airport Restaurant (B.A.R),60.7821242,-161.8411233
19196,0x5721ab84437c9e07:0x3e2c41ab6bdcc146,Alaska,Chinese restaurant,3.7,Bethel Airport Restaurant (B.A.R),60.7821242,-161.8411233
19196,0x5721ab84437c9e07:0x3e2c41ab6bdcc146,Alaska,Hamburger restaurant,3.7,Bethel Airport Restaurant (B.A.R),60.7821242,-161.8411233
19209,0x56c899d057d39825:0x2ac4a4449e3d78ce,Alaska,Cheesesteak restaurant,3.4,Charleys Cheesesteaks,61.1433707,-149.86851289999998
19209,0x56c899d057d39825:0x2ac4a4449e3d78ce,Alaska,American restaurant,3.4,Charleys Cheesesteaks,61.1433707,-149.86851289999998
19209,0x56c899d057d39825:0x2ac4a4449e3d78ce,Alaska,Fast food restaurant,3.4,Charleys Cheesesteaks,61.1433707,-149.86851289999998
19216,0x56c8db939ded272b:0x5f522a2156be3172,Alaska,Breakfast restaurant,3.9,Holiday Stationstores,61.5830715,-149.63655269999998
19223,0x54011e1eeaa28ed3:0xad9f101021444342,Alaska,Pizza restaurant,4.4,Juneau Pizza,58.3716452,-134.5892635
19237,0x51325bf60b538f51:0x1828fc7f978879de,Alaska,Chinese restaurant,4.6,Lin's Asian Bistro,64.8374355,-147.7575304
19254,0x56c8ed55e78e6b63:0x1956d4c92e5b9afd,Alaska,Fine dining restaurant,4.5,Corks and Hops,61.3340119,-149.5632935
19265,0x540c250470c0d4fb:0x273c549e22ea9f4f,Alaska,Chinese restaurant,4.2,Good Fortune Restaurant,55.342468,-131.6426639
19313,0x56c8de1972a45fcb:0x6fddb4654ac3b94b,Alaska,Japanese restaurant,4.5,Khan's Sushi,61.577956,-149.4094029
19329,0x56c897947ecd8405:0x9f884399d44d2563,Alaska,American restaurant,2.7,Lone Star Steakhouse,61.1766965,-149.8879253
19329,0x56c897947ecd8405:0x9f884399d44d2563,Alaska,Family restaurant,2.7,Lone Star Steakhouse,61.1766965,-149.8879253
19334,0x56c8bd87615662b9:0x38b3c2437dc01a6a,Alaska,Hot dog restaurant,4.9,Red Umbrella Reindeer,61.2184498,-149.8921505
19337,0x540c250439abac51:0x35edf1928f704509,Alaska,Fast food restaurant,3.8,Subway,55.3422172,-131.6457592
19345,0x5408ca35e65d864f:0xfbdd722940127439,Alaska,Pizza restaurant,4.1,Hungry Beaver Pizza,56.466989,-132.3807771
19346,0x5132454c54a437cf:0x67453c4abafc3775,Alaska,Italian restaurant,3.7,Gallantinos Italian Restaurant,64.8349853,-147.7183914
19364,0x56c79c624d3a1c0d:0x1c7a912f069ffc9b,Alaska,American restaurant,4.6,Ms. Gene’s Place,60.1019041,-149.4390933
19389,0x56c663e6c2faade1:0xbf29d885f7cdad2c,Alaska,Pizza restaurant,4.1,Bub's Pizza,60.498278,-151.0745509
19396,0x56c8999ad1ed0d77:0x450c9e3133aff1dd,Alaska,Fast food restaurant,4.0,Subway,61.1081154,-149.856649
19426,0x56c8964289975d13:0x87062daee7ef85dc,Alaska,Chinese restaurant,4.4,New Asia,61.2164336,-149.8223839
19428,0x56c12c17e5c6aecf:0x9cb7d5450c2df3b1,Alaska,Oyster bar restaurant,4.5,Kachemak Shellfish Growers,59.6071806,-151.4372666
19434,0x57311bc14c8cadf5:0x1d54362bcf557cc7,Alaska,Fast food restaurant,4.3,Subway,64.49629999999999,-165.40032309999998
19453,0x5400df8420b47289:0x1aa0e6ce4f1bc0ee,Alaska,Pizza restaurant,2.9,Domino's Pizza,58.3003007,-134.4177461
19454,0x56c89792537f15c7:0xff259d38a6f51288,Alaska,Filipino restaurant,4.5,Eldric's Restaurant,61.1738962,-149.8914096
19465,0x56c663de2d79f711:0x4ea1935ef76b8ba1,Alaska,American restaurant,4.6,Dinners Ready,60.4780776,-151.08031889999998
19472,0x56c67c9c15318a3f:0x9670a8874b930a9a,Alaska,Chinese restaurant,3.8,New Peking Restaurant,60.5575309,-151.2509459
19512,0x56c897f9277407b5:0x78d9a31a23e718f1,Alaska,Taco restaurant,4.7,El Jefe Taco Joint,61.173957,-149.8826951
19526,0x56c89788b08aae35:0x7b3a4f3419201134,Alaska,Mexican restaurant,4.8,Pedro's Mexican Grill,61.2069238,-149.80769809999998
19527,0x56cf2b3017c4f56d:0x2a863270619ca5d0,Alaska,American restaurant,4.3,Willow Trading Post Lodge,61.7471881,-150.0398654
19559,0x56c8969f9f9d21ff:0xb4fa61dae2d4754,Alaska,Chinese restaurant,4.1,Northern China Restaurant,61.219326,-149.7328645
19564,0x56c894209ad98c85:0x18057e8824a66bf3,Alaska,Fast food restaurant,3.9,Sicily's Pizza Muldoon,61.2231616,-149.7324061
19570,0x56c8e1cb3b3dd175:0x9ef0bc3f60ff14ea,Alaska,Chinese restaurant,4.4,Oriental To-Go Express,61.5989409,-149.2494027
19593,0x56ccddbed9da429d:0xfec25b1d28fe5772,Alaska,American restaurant,4.2,Prey Bar and Eatery,63.634614,-148.7864964
19606,0x56c89629bde7481f:0x27b04d23df43498a,Alaska,Soup restaurant,4.3,Souper Bowl,61.2172052,-149.8885688
19606,0x56c89629bde7481f:0x27b04d23df43498a,Alaska,Sushi restaurant,4.3,Souper Bowl,61.2172052,-149.8885688
19612,0x56c8eb7246c9a0f5:0xf3c324fee8ecfb72,Alaska,Chicken wings restaurant,3.3,Pizza Hut,61.3266612,-149.5714686
19612,0x56c8eb7246c9a0f5:0xf3c324fee8ecfb72,Alaska,Pizza restaurant,3.3,Pizza Hut,61.3266612,-149.5714686
19613,0x51324acae342fb51:0x474a604bee07d4b,Alaska,American restaurant,4.4,Two Rivers Lodge,64.8706512,-147.1264953
19635,0x56c899d72ccf9bcd:0x6ca778c10a3d4b12,Alaska,Fast food restaurant,4.6,Jerry's OMG Burritos,61.1450976,-149.86490229999998
19636,0x56c89632ffe2f69f:0x4f076323c976327b,Alaska,Sushi restaurant,4.0,"Hawaii Sushi, Korean BBQ & Shabu Shabu",61.186572,-149.917529
19638,0x56c899b42d90510d:0xcf7f4767ab0c2589,Alaska,Chinese restaurant,3.4,Panda Express,61.1449314,-149.86984339999998
19666,0x56c897dd14b739bd:0x41f1b05bc9ca0c28,Alaska,Japanese restaurant,4.6,Arigato | Japanese Restaurant,61.1896414,-149.9078216
19667,0x56c899c52cf5fed7:0x2cec1b99c31c3ab1,Alaska,Cajun restaurant,4.5,Gumbo House,61.1380517,-149.863252
19672,0x56c8eb98a30fd11b:0x6fc98364387a940d,Alaska,Pizza restaurant,4.0,Papa Murphy's | Take 'N' Bake Pizza,61.3406964,-149.5560071
19672,0x56c8eb98a30fd11b:0x6fc98364387a940d,Alaska,Family restaurant,4.0,Papa Murphy's | Take 'N' Bake Pizza,61.3406964,-149.5560071
19672,0x56c8eb98a30fd11b:0x6fc98364387a940d,Alaska,Italian restaurant,4.0,Papa Murphy's | Take 'N' Bake Pizza,61.3406964,-149.5560071
19672,0x56c8eb98a30fd11b:0x6fc98364387a940d,Alaska,Vegetarian restaurant,4.0,Papa Murphy's | Take 'N' Bake Pizza,61.3406964,-149.5560071
19682,0x513244d1ff18b381:0x892f2051e03d2cf7,Alaska,Greek restaurant,4.6,Zorba on the Run,64.8576729,-147.7978047
19711,0x5400df83e458257d:0xde3d5045f4d25768,Alaska,Hamburger restaurant,4.5,Pucker Wilson's,58.2994568,-134.4137677
19714,0x54001f4ecc8d9be1:0x5183fb9a00aea802,Alaska,Pizza restaurant,4.8,Alpenglow,59.2351686,-135.4462475
19719,0x56c12d898654e0d1:0x6003de8606c15f14,Alaska,Fast food restaurant,3.7,Subway,59.6480867,-151.5281633
19739,0x56c8967ae6af470f:0x7abd355a1303b9dc,Alaska,Breakfast restaurant,3.7,Holiday Stationstores,61.2264718,-149.79419489999998
19745,0x56c894265e350659:0xcce45486acd1f9bc,Alaska,Korean restaurant,4.1,Fruitland,61.2277371,-149.7428484
19749,0x56eac465bbb2005b:0x3b28edf91b870488,Alaska,Mexican restaurant,3.8,El Chicano,57.7894896,-152.406124
19761,0x56c8980f9b584a3f:0x9f4cb4c641db3d69,Alaska,Pizza restaurant,4.0,Uncle Joe's Pizzeria,61.158327,-149.9510063
19770,0x56c8bd879f2b6b09:0xf53588541a1ae7b3,Alaska,Sushi restaurant,4.1,Urban Sushi,61.2196236,-149.891732
19786,0x54011ff87318f753:0x2d76a8b82250ad18,Alaska,Traditional American restaurant,4.5,Valley Restaurant,58.3650168,-134.5885884
19792,0x56c897fdaee9fda7:0x1d436174d3e5f8cd,Alaska,Italian restaurant,3.8,Today's Pizza,61.1791185,-149.9401854
19792,0x56c897fdaee9fda7:0x1d436174d3e5f8cd,Alaska,Pizza restaurant,3.8,Today's Pizza,61.1791185,-149.9401854
19798,0x56c899c52a945e9d:0x3cf363ebc2487530,Alaska,Chicken wings restaurant,4.1,Winky's Wings,61.1379383,-149.8624964
19798,0x56c899c52a945e9d:0x3cf363ebc2487530,Alaska,Barbecue restaurant,4.1,Winky's Wings,61.1379383,-149.8624964
19798,0x56c899c52a945e9d:0x3cf363ebc2487530,Alaska,Cajun restaurant,4.1,Winky's Wings,61.1379383,-149.8624964
19798,0x56c899c52a945e9d:0x3cf363ebc2487530,Alaska,Chicken restaurant,4.1,Winky's Wings,61.1379383,-149.8624964
19798,0x56c899c52a945e9d:0x3cf363ebc2487530,Alaska,Hamburger restaurant,4.1,Winky's Wings,61.1379383,-149.8624964
19823,0x56c12c1aad922d19:0x6cb14032971aa9a3,Alaska,Chinese restaurant,3.9,Happy Face Restaurant,59.601926,-151.4208193
19823,0x56c12c1aad922d19:0x6cb14032971aa9a3,Alaska,Seafood restaurant,3.9,Happy Face Restaurant,59.601926,-151.4208193
19829,0x56c89629bde7481f:0xc4fe979edad3db9a,Alaska,Chinese restaurant,3.8,Famous Wok,61.2169215,-149.88813
19829,0x56c89629bde7481f:0xc4fe979edad3db9a,Alaska,Asian restaurant,3.8,Famous Wok,61.2169215,-149.88813
19834,0x56c899d0f81b524d:0xe4ae444b51e47a33,Alaska,Vietnamese restaurant,3.9,Phở Saigon,61.1426747,-149.8678583
19834,0x56c899d0f81b524d:0xe4ae444b51e47a33,Alaska,Asian restaurant,3.9,Phở Saigon,61.1426747,-149.8678583
19834,0x56c899d0f81b524d:0xe4ae444b51e47a33,Alaska,Pho restaurant,3.9,Phở Saigon,61.1426747,-149.8678583
19844,0x51325aa568e11ed7:0xe436c483519f6874,Alaska,American restaurant,4.5,Petunia's,64.8197283,-147.7314127
19856,0x540c2507a8c4f965:0xffcf66586c79a09c,Alaska,Pizza restaurant,3.7,Pizza Mill,55.3445755,-131.65332279999998
19884,0x56c8e08bbaee4b41:0xc0aa9831ab9916d2,Alaska,Thai restaurant,4.1,Thai Asian Cuisine Restaurant,61.5855178,-149.3337707
19909,0x56ccd94000000001:0xff95f33e9739c3bb,Alaska,New American restaurant,4.4,The Overlook Restaurant,63.7461509,-148.89514169999998
19912,0x56c66163b7774a3d:0xc93e7535216df9f7,Alaska,Fast food restaurant,4.0,Subway,60.4837724,-151.0683178
19916,0x51324514c0888c59:0x7b710079aa488aee,Alaska,Breakfast restaurant,3.7,Holiday Stationstores,64.8594317,-147.6846581
19929,0x51325aac7a4434e5:0xfbed5197982b41ae,Alaska,Fast food restaurant,4.2,Subway,64.8259379,-147.71258369999998
19946,0x56c8bd814f3050e9:0xb0641fc7fed30fad,Alaska,American restaurant,4.5,Sandwich Deck Restaurant,61.2183961,-149.9018557
19946,0x56c8bd814f3050e9:0xb0641fc7fed30fad,Alaska,Breakfast restaurant,4.5,Sandwich Deck Restaurant,61.2183961,-149.9018557
19946,0x56c8bd814f3050e9:0xb0641fc7fed30fad,Alaska,Fast food restaurant,4.5,Sandwich Deck Restaurant,61.2183961,-149.9018557
19954,0x56c897c2ffffffff:0x23d10d763191aac8,Alaska,Greek restaurant,4.8,Antonios Greek Bakery & Café,61.1925441,-149.9144361
19955,0x56c8e8d97708bb79:0xd19ae38d646f904,Alaska,Chinese restaurant,4.3,Fried Rice Express,61.4139724,-149.439637
19977,0x56c8e3f5d45753db:0xa757160456c2f510,Alaska,Hamburger restaurant,4.9,The Butte Burger Place,61.5328069,-149.040281
19998,0x56c6b69c17140267:0xd9f1b67d455a574a,Alaska,American restaurant,4.6,Blue Bus,59.7807583,-151.8339818
20033,0x56c8dfb2a17503a5:0x9cbd648f1107694b,Alaska,Fast food restaurant,4.1,A&W Restaurant,61.5784649,-149.4073146
20033,0x56c8dfb2a17503a5:0x9cbd648f1107694b,Alaska,American restaurant,4.1,A&W Restaurant,61.5784649,-149.4073146
20033,0x56c8dfb2a17503a5:0x9cbd648f1107694b,Alaska,Hamburger restaurant,4.1,A&W Restaurant,61.5784649,-149.4073146
20035,0x56c8de6fdcc84799:0x3a44286c5839e707,Alaska,American restaurant,4.7,Loose Moose Cafe,61.582862,-149.4600146
20039,0x57311bc0ceafe643:0x7f3965fcccde467a,Alaska,Chinese restaurant,4.5,Golden China,64.4975,-165.4083514
20043,0x513245424f0fc5d5:0x410f85f11d6ef481,Alaska,Fast food restaurant,3.9,Quiznos,64.8497155,-147.6962135
20050,0x513244ccc71f1bd5:0x2549dd7ae2334d3b,Alaska,Thai restaurant,4.6,Bahn Thai Express(College Road),64.85489129999999,-147.8112602
20067,0x56c14acdba03a169:0x1ea44c1f1e5d559a,Alaska,Mexican restaurant,4.8,Ramiro's,59.7817192,-151.83287049999998
20070,0x56c12d8eb30f3ae1:0x5d4b008449e9519,Alaska,Breakfast restaurant,4.7,Latitude 59,59.6466784,-151.5243271
20070,0x56c12d8eb30f3ae1:0x5d4b008449e9519,Alaska,Lunch restaurant,4.7,Latitude 59,59.6466784,-151.5243271
20076,0x56c897b9a7bc818d:0x5dd769013d9746bb,Alaska,Fast food restaurant,3.7,McDonald's,61.188433,-149.8704383
20076,0x56c897b9a7bc818d:0x5dd769013d9746bb,Alaska,Breakfast restaurant,3.7,McDonald's,61.188433,-149.8704383
20076,0x56c897b9a7bc818d:0x5dd769013d9746bb,Alaska,Hamburger restaurant,3.7,McDonald's,61.188433,-149.8704383
20077,0x56c8999ad19454eb:0xb9524181ca406c96,Alaska,Fast food restaurant,3.6,McDonald's,61.1084028,-149.8579379
20077,0x56c8999ad19454eb:0xb9524181ca406c96,Alaska,Breakfast restaurant,3.6,McDonald's,61.1084028,-149.8579379
20077,0x56c8999ad19454eb:0xb9524181ca406c96,Alaska,Hamburger restaurant,3.6,McDonald's,61.1084028,-149.8579379
20078,0x5400e0466d38efb9:0x140dc30177d6c675,Alaska,Mexican restaurant,4.7,El Zarape,58.3597938,-134.4861429
20084,0x56c89869bfea62e3:0x6a302630a3bd5096,Alaska,Pizza restaurant,3.8,Great Alaska Pizza Company,61.1385351,-149.9505817
20086,0x56c8976fa277e423:0x8d82a4de9e49d656,Alaska,Breakfast restaurant,3.6,Holiday Stationstores,61.1587131,-149.8347862
20101,0x56c8df1cc56ccbff:0xe277610c94a6a1d1,Alaska,Laotian restaurant,4.9,Cafe Khao Neow,61.5743391,-149.4046498
20121,0x56c89629f7f397d3:0xea83597163bb4fad,Alaska,Fusion restaurant,4.3,Pangea Restaurant And Lounge,61.2164528,-149.8920489
20121,0x56c89629f7f397d3:0xea83597163bb4fad,Alaska,Fine dining restaurant,4.3,Pangea Restaurant And Lounge,61.2164528,-149.8920489
20145,0x56c79bc5aab18e79:0x8433485718ed49dd,Alaska,Seafood restaurant,4.2,Resurrection Roadhouse,60.1541217,-149.4355215
20158,0x56c8de19a2d52fb9:0xd4de9f782a9ea8d0,Alaska,Mexican restaurant,4.3,QDOBA Mexican Eats,61.5780965,-149.4115876
20158,0x56c8de19a2d52fb9:0xd4de9f782a9ea8d0,Alaska,Brunch restaurant,4.3,QDOBA Mexican Eats,61.5780965,-149.4115876
20158,0x56c8de19a2d52fb9:0xd4de9f782a9ea8d0,Alaska,Fast food restaurant,4.3,QDOBA Mexican Eats,61.5780965,-149.4115876
20158,0x56c8de19a2d52fb9:0xd4de9f782a9ea8d0,Alaska,Tex-Mex restaurant,4.3,QDOBA Mexican Eats,61.5780965,-149.4115876
20159,0x56c8de194555612b:0x418094d516b96865,Alaska,Breakfast restaurant,4.0,Starbucks,61.5764367,-149.4053478
20161,0x56c8bd871cfa3f9d:0xdf7520fe52c3e231,Alaska,Fast food restaurant,4.6,Urban Greens Subs & Salads,61.2193618,-149.8957021
20193,0x56c67c9c53285161:0x7af2da95890667b9,Alaska,Thai restaurant,4.3,Thai Town,60.5593376,-151.2516785
20208,0x56c89629bde7481f:0x32337cb25128a399,Alaska,Hamburger restaurant,3.5,Burger's Wings & Things,61.217158,-149.8885819
20208,0x56c89629bde7481f:0x32337cb25128a399,Alaska,Barbecue restaurant,3.5,Burger's Wings & Things,61.217158,-149.8885819
20208,0x56c89629bde7481f:0x32337cb25128a399,Alaska,Chicken wings restaurant,3.5,Burger's Wings & Things,61.217158,-149.8885819
20210,0x51325b0e7b36745b:0x3df099d29c63109f,Alaska,American restaurant,3.7,The Finish Line,64.8249592,-147.8663271
20217,0x5400dfa7ae9f0481:0xcb0792df9734d50d,Alaska,Asian restaurant,3.4,Asiana Garden 2,58.3005688,-134.4079288
20230,0x56ce95c8ff6060ed:0xf8500d86f4c1f0cd,Alaska,Hamburger restaurant,4.3,Shirley's Burger Barn,62.3219642,-150.1098326
20245,0x56c897aa943ce3bd:0x6ba11eda584e11bf,Alaska,Filipino restaurant,3.6,Bahay Kubo,61.1925934,-149.9150274
20251,0x540c25a81b54df91:0xa75e46f64d605281,Alaska,Filipino restaurant,4.6,The Waterfront Restaurant,55.3452792,-131.6590465
20254,0x5133b1d612c8abb5:0xb2f246c572d175bd,Alaska,Fast food restaurant,4.0,Eielson Commissary,64.67698539999999,-147.085523
20255,0x51325b27f737d3fd:0x72c0f5ffbd1c253e,Alaska,Fast food restaurant,3.8,A&W Restaurant,64.8374453,-147.8016078
20255,0x51325b27f737d3fd:0x72c0f5ffbd1c253e,Alaska,American restaurant,3.8,A&W Restaurant,64.8374453,-147.8016078
20255,0x51325b27f737d3fd:0x72c0f5ffbd1c253e,Alaska,Hamburger restaurant,3.8,A&W Restaurant,64.8374453,-147.8016078
20256,0x51324d44cb4073d9:0x98984d46864a0ee2,Alaska,Barbecue restaurant,4.2,Moody Brews Bbq and catering,64.755892,-147.35475689999998
20278,0x56c8945eccfd9fc5:0x8c44a94185ac5c7e,Alaska,Fast food restaurant,3.7,Subway,61.2579375,-149.6741821
20283,0x56c897bd1b50433f:0x78e5a9f5f73b5730,Alaska,Breakfast restaurant,3.5,Holiday Stationstores,61.1813297,-149.8671712
20302,0x56c896296ce7438d:0xd36b047188ca3fda,Alaska,American restaurant,4.3,Muse,61.2158587,-149.8853555
20307,0x56c67b84d57d2a77:0x4d7ce8f3eb48fbec,Alaska,American restaurant,4.4,Brothers' Cafe,60.5648582,-151.2472146
20307,0x56c67b84d57d2a77:0x4d7ce8f3eb48fbec,Alaska,Family restaurant,4.4,Brothers' Cafe,60.5648582,-151.2472146
20311,0x54011e1f3f477b1f:0x172d3c4f1b454a63,Alaska,Mexican restaurant,3.8,Mi Casa,58.363768,-134.5858867
20311,0x54011e1f3f477b1f:0x172d3c4f1b454a63,Alaska,New American restaurant,3.8,Mi Casa,58.363768,-134.5858867
20312,0x54011e21b58457e9:0x17ac7cd573661a48,Alaska,Pizza restaurant,3.8,Papa John's Pizza,58.3624854,-134.5790053
20316,0x56c89792d3b81e47:0x923dcded6357b19d,Alaska,Thai restaurant,4.4,Pho Jula & Thai Cuisine,61.1746688,-149.8970968
20316,0x56c89792d3b81e47:0x923dcded6357b19d,Alaska,Vietnamese restaurant,4.4,Pho Jula & Thai Cuisine,61.1746688,-149.8970968
20322,0x50c2d807589939e9:0x9c87dc69a03ad2d2,Alaska,Fast food restaurant,4.3,Subway,71.28841849999999,-156.783635
20325,0x56c895b05353f9f9:0x69f0dd323850c32c,Alaska,Hawaiian restaurant,4.5,Lei's Poke Stop,61.2289362,-149.74254639999998
20328,0x51324543ca842f51:0xd2b71488c56b89cc,Alaska,Japanese restaurant,4.6,Tokyo Express,64.8503482,-147.69960559999998
20333,0x540c25a890084b51:0xc59c7a629715236e,Alaska,Japanese restaurant,4.1,Shogun Restaurant,55.3458962,-131.6603597
20334,0x540c25a5094c05c9:0x1370768ffb6add3a,Alaska,Filipino restaurant,4.3,The Galley Restaurant,55.3495,-131.6732524
20334,0x540c25a5094c05c9:0x1370768ffb6add3a,Alaska,Chinese restaurant,4.3,The Galley Restaurant,55.3495,-131.6732524
20354,0x56c897e69532669b:0xa15d50c8bd71c2d2,Alaska,Thai restaurant,4.6,Thai Siam,61.1856689,-149.9189605
20356,0x56c899e6c60e5165:0x42cbca1e5e17c39c,Alaska,Fast food restaurant,4.1,Quiznos,61.1363293,-149.8349321
20370,0x56c8a2b40250b4fd:0x1f8f8418ef2f0568,Alaska,American restaurant,2.6,Pork & Pickle,61.173887,-149.9823007
20371,0x56c8bd86d2754e43:0x64622de3718bb542,Alaska,Sushi restaurant,3.9,Arctic Sushi,61.2184357,-149.8992096
20383,0x56c8970063f21499:0x9efb42fc9e7cb4b9,Alaska,Fast food restaurant,4.0,Subway,61.190157,-149.825935
20399,0x56c6616301cdf283:0xcccbec2e5c45b7af,Alaska,Chicken wings restaurant,3.4,Pizza Hut,60.4844904,-151.0687169
20399,0x56c6616301cdf283:0xcccbec2e5c45b7af,Alaska,Pizza restaurant,3.4,Pizza Hut,60.4844904,-151.0687169
20412,0x540c25d95aa9d0c7:0xa3511198bf9662b,Alaska,Hamburger restaurant,4.7,AJ's Gourmet Burgers,55.3680556,-131.7166667
20412,0x540c25d95aa9d0c7:0xa3511198bf9662b,Alaska,American restaurant,4.7,AJ's Gourmet Burgers,55.3680556,-131.7166667
20412,0x540c25d95aa9d0c7:0xa3511198bf9662b,Alaska,Dessert restaurant,4.7,AJ's Gourmet Burgers,55.3680556,-131.7166667
20412,0x540c25d95aa9d0c7:0xa3511198bf9662b,Alaska,Fish & chips restaurant,4.7,AJ's Gourmet Burgers,55.3680556,-131.7166667
20418,0x56c8de6fdcbfc8e3:0x101ce6836202cf59,Alaska,Korean barbecue restaurant,4.7,Kim's Korean BBQ,61.5827556,-149.4602194
20421,0x56c8bd81a2545555:0x51568b85194c69b9,Alaska,Brunch restaurant,4.4,Waffles and Whatnot (Betsy),61.3365003,-149.5619111
20421,0x56c8bd81a2545555:0x51568b85194c69b9,Alaska,Breakfast restaurant,4.4,Waffles and Whatnot (Betsy),61.3365003,-149.5619111
20421,0x56c8bd81a2545555:0x51568b85194c69b9,Alaska,Lunch restaurant,4.4,Waffles and Whatnot (Betsy),61.3365003,-149.5619111
20425,0x56c12c1a79ab9193:0x8eb33e5fa71928b2,Alaska,Seafood restaurant,4.8,Ak. Fish Fryers,59.6033263,-151.4257653
20430,0x56c79c63cd573561:0x13f4d8b8c8b8a526,Alaska,Fine dining restaurant,3.5,Seasalt,60.1006449,-149.4407449
20435,0x56c8e1cc64abb2a7:0x82cbb73271aba2ed,Alaska,Fast food restaurant,3.3,Subway,61.5997931,-149.2427157
20446,0x56c8966f85130975:0x3033503c9625b733,Alaska,Polynesian restaurant,4.4,Mekong Restaurant,61.2244027,-149.8044554
20447,0x56c8962f37ef5793:0x92a562b6a01ee141,Alaska,American restaurant,3.6,Sizzlin' Cafe,61.2174401,-149.8774383
20450,0x56c89792d2372b95:0x7ad8fc2a7f1a21df,Alaska,Chinese restaurant,3.7,Lucky Kitchen,61.1750936,-149.89709019999998
20516,0x51325aa2c3776b29:0x19eecb24337ae308,Alaska,Gluten-free restaurant,4.6,Go Wild Juicery,64.8134381,-147.7437148
20516,0x51325aa2c3776b29:0x19eecb24337ae308,Alaska,Organic restaurant,4.6,Go Wild Juicery,64.8134381,-147.7437148
20516,0x51325aa2c3776b29:0x19eecb24337ae308,Alaska,Vegan restaurant,4.6,Go Wild Juicery,64.8134381,-147.7437148
20546,0x56c8e2ce5154fb59:0xdb74514247f14cd5,Alaska,Hamburger restaurant,4.8,Jim Creek Fatt Burgers,61.532298,-149.04028499999998
20549,0x56c67c9fd59c9f91:0x9be38ae7ac4c8820,Alaska,Mexican restaurant,4.3,Acapulco Mexican Restaurant,60.5589628,-151.2410006
20549,0x56c67c9fd59c9f91:0x9be38ae7ac4c8820,Alaska,Latin American restaurant,4.3,Acapulco Mexican Restaurant,60.5589628,-151.2410006
20551,0x56c667f4eeb6fa3d:0x80da417df748f2be,Alaska,Pizza restaurant,4.3,Magpye's Pizzeria,60.5368766,-150.77394099999998
20554,0x56c67dfd5e5b7bed:0xfc6300e907a78218,Alaska,Mexican restaurant,4.3,Los Compadres Mexican Restaurant,60.5588412,-151.2410119
20578,0x56c991b6e5773525:0x5ee0df4514f31911,Alaska,American restaurant,4.6,Grand View Cafe and RV Park,61.7991484,-147.60903589999998
20578,0x56c991b6e5773525:0x5ee0df4514f31911,Alaska,Pizza restaurant,4.6,Grand View Cafe and RV Park,61.7991484,-147.60903589999998
20592,0x56c8975000000001:0xed32f7a1d161df1d,Alaska,Vietnamese restaurant,4.5,Phở & Grill,61.1404606,-149.9503054
20592,0x56c8975000000001:0xed32f7a1d161df1d,Alaska,Chinese restaurant,4.5,Phở & Grill,61.1404606,-149.9503054
20601,0x56c897c800f37b8d:0x1139f74426a08ede,Alaska,Pizza restaurant,4.7,Saverio's Pizzeria,61.1925435,-149.87386189999998
20610,0x56c8de90b61e9953:0x4224736391aeccd0,Alaska,Family restaurant,4.4,Abby's Home Cooking,61.6133099,-149.51029549999998
20626,0x56c897c13a7ebe25:0xddd8ac7498642cb,Alaska,Breakfast restaurant,2.9,Holiday Stationstores,61.1885545,-149.8877703
20647,0x56c897dd596fe7e3:0xfd0fe240b3f6d2f9,Alaska,Chicken wings restaurant,4.1,907 Wingman,61.1882389,-149.9079831
20663,0x56c66252700ddab1:0x13a148c12379480f,Alaska,Fast food restaurant,4.2,Subway,60.4844851,-151.1517242
20670,0x56c8de6ccc8bc621:0x65b49862ec7f1b79,Alaska,Pizza restaurant,3.3,Sicily's Pizza Wasilla,61.5797621,-149.5305905
20670,0x56c8de6ccc8bc621:0x65b49862ec7f1b79,Alaska,Chicken wings restaurant,3.3,Sicily's Pizza Wasilla,61.5797621,-149.5305905
20670,0x56c8de6ccc8bc621:0x65b49862ec7f1b79,Alaska,Dessert restaurant,3.3,Sicily's Pizza Wasilla,61.5797621,-149.5305905
20670,0x56c8de6ccc8bc621:0x65b49862ec7f1b79,Alaska,Greek restaurant,3.3,Sicily's Pizza Wasilla,61.5797621,-149.5305905
20670,0x56c8de6ccc8bc621:0x65b49862ec7f1b79,Alaska,Italian restaurant,3.3,Sicily's Pizza Wasilla,61.5797621,-149.5305905
20681,0x56b718e474944c87:0x2dff80a56eb44552,Alaska,Pizza restaurant,4.7,Harborside Pizza,60.5421392,-145.7627167
20681,0x56b718e474944c87:0x2dff80a56eb44552,Alaska,Italian restaurant,4.7,Harborside Pizza,60.5421392,-145.7627167
20682,0x56c897089c910b77:0xe69db493b8784ed6,Alaska,Ramen restaurant,4.2,Noodle World Alaska LLC,61.1804388,-149.82777769999998
20682,0x56c897089c910b77:0xe69db493b8784ed6,Alaska,Udon noodle restaurant,4.2,Noodle World Alaska LLC,61.1804388,-149.82777769999998
20698,0x56c897c2ffffffff:0x2b43a7c90c29c618,Alaska,Pizza restaurant,3.9,Little Caesars Pizza,61.141354,-149.8453499
20698,0x56c897c2ffffffff:0x2b43a7c90c29c618,Alaska,American restaurant,3.9,Little Caesars Pizza,61.141354,-149.8453499
20698,0x56c897c2ffffffff:0x2b43a7c90c29c618,Alaska,Chicken wings restaurant,3.9,Little Caesars Pizza,61.141354,-149.8453499
20698,0x56c897c2ffffffff:0x2b43a7c90c29c618,Alaska,Fast food restaurant,3.9,Little Caesars Pizza,61.141354,-149.8453499
20701,0x56c8965d66fb4bf1:0xc2d55955f9085d43,Alaska,Fast food restaurant,3.7,Subway,61.2222385,-149.7793163
20702,0x56c89427c967f179:0x6115de727f9d0720,Alaska,Fast food restaurant,4.2,Subway,61.2278436,-149.74276849999998
20709,0x56c79d735f522757:0xace789589a697a4,Alaska,Barbecue restaurant,4.6,Firebrand BBQ,60.1140479,-149.4425173
20713,0x57205524178ff63b:0xee45a649e951e980,Alaska,Fast food restaurant,4.3,Subway,60.7940467,-161.7698881
20715,0x51324fe8068ef5a3:0xa60aaf8b1f176a0c,Alaska,Cheesesteak restaurant,4.0,Charleys Cheesesteaks,64.8254637,-147.6342503
20715,0x51324fe8068ef5a3:0xa60aaf8b1f176a0c,Alaska,American restaurant,4.0,Charleys Cheesesteaks,64.8254637,-147.6342503
20715,0x51324fe8068ef5a3:0xa60aaf8b1f176a0c,Alaska,Fast food restaurant,4.0,Charleys Cheesesteaks,64.8254637,-147.6342503
20728,0x540c25046638dfe1:0xd59fecd23a02f3ee,Alaska,Sushi restaurant,3.9,Asian Garden Sushi Bar,55.3419185,-131.64347999999998
20731,0x56c89995c5a37213:0x440cc584132be224,Alaska,Thai restaurant,3.8,Alaska Taste of Thai,61.1198298,-149.8621374
20731,0x56c89995c5a37213:0x440cc584132be224,Alaska,Asian restaurant,3.8,Alaska Taste of Thai,61.1198298,-149.8621374
20731,0x56c89995c5a37213:0x440cc584132be224,Alaska,Southeast Asian restaurant,3.8,Alaska Taste of Thai,61.1198298,-149.8621374
20732,0x56c897de7dbe1e4d:0xed0a52c499c1c5b5,Alaska,Asian fusion restaurant,4.4,Top Bop - Midtown,61.1925406,-149.9142211
20733,0x50c3280555555555:0x6957a612962f7738,Alaska,Pizza restaurant,4.4,Arctic Pizza,71.2875732,-156.7994177
20734,0x50c2d8062f8c4cb5:0x81898422ceef1927,Alaska,Japanese restaurant,4.3,Osaka Restaurant,71.29201809999999,-156.79074839999998
20736,0x56c899454fcbfacf:0x9a6a75fbdf945668,Alaska,Indian restaurant,4.6,Bombay South Indian Restaurant,61.1079404,-149.8615906
20742,0x5132432c0fd4d3a7:0xfe97d3b35e3f7555,Alaska,Thai restaurant,4.7,Sam's Taste of Thai,64.89151,-147.9416656
20742,0x5132432c0fd4d3a7:0xfe97d3b35e3f7555,Alaska,Asian restaurant,4.7,Sam's Taste of Thai,64.89151,-147.9416656
20742,0x5132432c0fd4d3a7:0xfe97d3b35e3f7555,Alaska,Southeast Asian restaurant,4.7,Sam's Taste of Thai,64.89151,-147.9416656
20750,0x51325b273bbd161b:0x45ea4c898eb84099,Alaska,Thai restaurant,4.9,Simply Thai,64.834811,-147.8099829
20750,0x51325b273bbd161b:0x45ea4c898eb84099,Alaska,Asian restaurant,4.9,Simply Thai,64.834811,-147.8099829
20751,0x513244cda17ec949:0x8b4341e9b82641f6,Alaska,American restaurant,4.7,This & That Grill,64.8563204,-147.8051461
20751,0x513244cda17ec949:0x8b4341e9b82641f6,Alaska,Fast food restaurant,4.7,This & That Grill,64.8563204,-147.8051461
20753,0x540467a34d0bd05f:0x4d4dfd9fc2373662,Alaska,Mexican restaurant,3.9,Agave Mexican Restaurant,57.0497233,-135.3353955
20761,0x56b58f0466762859:0x5997d3c82dd278d0,Alaska,Hamburger restaurant,4.4,The Freeze,62.1071585,-145.5268496
20768,0x56b5966031b334e7:0xb3183bcaca85d523,Alaska,American restaurant,4.6,Copper River Grille,61.9612426,-145.30149849999998
20775,0x56c8bd80db765355:0x3e56cf5b27d2689a,Alaska,Seafood restaurant,4.4,Yamaya Seafood,61.2167826,-149.8986871
20776,0x56c897cfde947f41:0x30856cd8b17e8d06,Alaska,Korean restaurant,4.6,WONJO Korean Cuisine,61.1987476,-149.89126349999998
20783,0x56c89848238969db:0x53c8f2f4a82ff9d7,Alaska,Breakfast restaurant,3.8,Holiday Stationstores,61.138198,-149.917813
20789,0x56c8963ac87a6c77:0x3b719b2c3252b9db,Alaska,Pizza restaurant,3.7,Domino's Pizza,61.2196903,-149.82243549999998
20801,0x56c899d68ab40f3b:0x59cf713e9b6caac8,Alaska,Chinese restaurant,3.9,Oriental Express,61.1482039,-149.86466439999998
20833,0x56c89628ffd51941:0x172c29845aab3e14,Alaska,Vietnamese restaurant,4.2,Pho Lena,61.2176978,-149.8848252
20837,0x56c8964289975d13:0x27142ffa45a75899,Alaska,Chicken wings restaurant,4.4,Hood Wings,61.2180545,-149.734049
20850,0x56c899d058920487:0xb91499306239a7d4,Alaska,Fast food restaurant,3.2,Subway,61.1422509,-149.8672846
20861,0x56c1320bbd9c5c13:0x73f4f9a333287468,Alaska,Asian restaurant,4.1,Pho And Thai Restaurant,59.6414713,-151.5517422
20871,0x56c897ad6cd51c9f:0x437b84cbe452f543,Alaska,Family restaurant,4.2,Burger Cache,61.1948091,-149.8402764
20872,0x56c8976fb01e88e5:0x12316a5f9a6c087,Alaska,American restaurant,4.4,Barbie's Cafe,61.1597222,-149.8349999
20884,0x56c897974b3fed19:0x30dfc6101d0fd07e,Alaska,Fast food restaurant,4.1,Subway,61.1727531,-149.8873634
20921,0x56c8e2bbc4631425:0xc0fdcabf63424ea3,Alaska,Pizza restaurant,4.5,Butte Pizza LLC,61.5484082,-149.0349963
20928,0x56c8eb86b41b5103:0xaffe080dee066102,Alaska,Pizza restaurant,4.4,Domino's Pizza,61.3246988,-149.5728403
20941,0x56c6615d80428ab1:0x75ab31376cc1463a,Alaska,Fast food restaurant,3.7,Taco Bell,60.4891304,-151.0517978
20941,0x56c6615d80428ab1:0x75ab31376cc1463a,Alaska,Breakfast restaurant,3.7,Taco Bell,60.4891304,-151.0517978
20941,0x56c6615d80428ab1:0x75ab31376cc1463a,Alaska,Burrito restaurant,3.7,Taco Bell,60.4891304,-151.0517978
20941,0x56c6615d80428ab1:0x75ab31376cc1463a,Alaska,Lunch restaurant,3.7,Taco Bell,60.4891304,-151.0517978
20941,0x56c6615d80428ab1:0x75ab31376cc1463a,Alaska,Mexican restaurant,3.7,Taco Bell,60.4891304,-151.0517978
20941,0x56c6615d80428ab1:0x75ab31376cc1463a,Alaska,Taco restaurant,3.7,Taco Bell,60.4891304,-151.0517978
20941,0x56c6615d80428ab1:0x75ab31376cc1463a,Alaska,Tex-Mex restaurant,3.7,Taco Bell,60.4891304,-151.0517978
20941,0x56c6615d80428ab1:0x75ab31376cc1463a,Alaska,Vegetarian restaurant,3.7,Taco Bell,60.4891304,-151.0517978
20943,0x56c67b5e979de041:0x6bca3cfc2730fb6f,Alaska,Pizza restaurant,2.8,Pizza Hut,60.5615949,-151.2285092
20943,0x56c67b5e979de041:0x6bca3cfc2730fb6f,Alaska,Chicken wings restaurant,2.8,Pizza Hut,60.5615949,-151.2285092
20944,0x56c8bd7fd9066f37:0x95a65239954d3e30,Alaska,American restaurant,4.3,Inlet PubHouse,61.2100448,-149.90235909999998
20944,0x56c8bd7fd9066f37:0x95a65239954d3e30,Alaska,Seafood restaurant,4.3,Inlet PubHouse,61.2100448,-149.90235909999998
20946,0x56c897d923ef3557:0x1cf8c22b5a073c59,Alaska,Korean restaurant,4.4,Home Town Restaurant,61.1927827,-149.9150693
20957,0x56c8de1977db04fd:0xd8ba3569a49c9ef5,Alaska,Pizza restaurant,4.4,Papa Murphy's | Take 'N' Bake Pizza,61.5790185,-149.4084484
20957,0x56c8de1977db04fd:0xd8ba3569a49c9ef5,Alaska,Family restaurant,4.4,Papa Murphy's | Take 'N' Bake Pizza,61.5790185,-149.4084484
20957,0x56c8de1977db04fd:0xd8ba3569a49c9ef5,Alaska,Italian restaurant,4.4,Papa Murphy's | Take 'N' Bake Pizza,61.5790185,-149.4084484
20957,0x56c8de1977db04fd:0xd8ba3569a49c9ef5,Alaska,Vegetarian restaurant,4.4,Papa Murphy's | Take 'N' Bake Pizza,61.5790185,-149.4084484
20960,0x56c8de1c27c58d6f:0xac4ab4634aed41e4,Alaska,Chinese restaurant,4.3,Happy Family Sushi & Wok Restaurant,61.5743184,-149.40497349999998
20960,0x56c8de1c27c58d6f:0xac4ab4634aed41e4,Alaska,Sushi restaurant,4.3,Happy Family Sushi & Wok Restaurant,61.5743184,-149.40497349999998
20961,0x56c8de19c336a31b:0xfc229acdbe1397fd,Alaska,Pizza restaurant,4.0,Papa John's Pizza,61.5787145,-149.4134192
20962,0x56c8e90caf9ee309:0x4004906bfcca1742,Alaska,German restaurant,4.7,Edelweiss German Express To Go!,61.5856616,-149.3709763
20971,0x56c897a391048753:0x83c9c70b5e81e946,Alaska,Vietnamese restaurant,4.3,Pho Bowl,61.1803694,-149.8550165
20978,0x56eac4220837f379:0xa4db3010070bfb1c,Alaska,Fast food restaurant,4.5,Subway,57.8118627,-152.3652807
20980,0x56eac46b725b4b49:0x6f29489d3247c34f,Alaska,Thai restaurant,4.3,Noodles,57.7976343,-152.3902359
20989,0x5132454daa90fc85:0xeb6f8c1c550bffdf,Alaska,Thai restaurant,4.5,Nim's House of Thai Food,64.8348618,-147.7182617
20989,0x5132454daa90fc85:0xeb6f8c1c550bffdf,Alaska,Asian restaurant,4.5,Nim's House of Thai Food,64.8348618,-147.7182617
20989,0x5132454daa90fc85:0xeb6f8c1c550bffdf,Alaska,Ethnic restaurant,4.5,Nim's House of Thai Food,64.8348618,-147.7182617
20989,0x5132454daa90fc85:0xeb6f8c1c550bffdf,Alaska,Family restaurant,4.5,Nim's House of Thai Food,64.8348618,-147.7182617
20998,0x56c6617cdd9a3985:0x91ff8ec86775b235,Alaska,Thai restaurant,4.8,Pad Thai Cafe,60.4806835,-151.0726587
21016,0x56cec685af1e9299:0xe977c84c7e15a08,Alaska,Fast food restaurant,4.3,Subway,62.1364657,-150.0401922
21041,0x56c8965f34f22849:0x59315166028de11b,Alaska,Chinese restaurant,3.5,Sweet Pink Pepper,61.2075497,-149.8076168
21042,0x56c8962ffba667b3:0x5426abed77b673b8,Alaska,Chinese restaurant,4.1,Rice Bowl,61.2163086,-149.86843869999998
21043,0x56c8eb738333dfc3:0x6ffadd82055ccb53,Alaska,Chinese restaurant,3.5,China Lights Oriental Cuisine,61.330275,-149.570693
21046,0x51325b246fcef51d:0xa6f98cdd5b9f8082,Alaska,Breakfast restaurant,4.4,Sunrise Bagel & Espresso,64.8373489,-147.8218689
21069,0x54011e1e8e1af05f:0x47ca4e13d9d2d7b,Alaska,Pizza restaurant,4.1,Domino's Pizza,58.3665713,-134.5888209
21081,0x56c8c5498a952801:0xffd8ba29a2a5f85f,Alaska,American restaurant,4.0,Big Lake Family Restaurant,61.5464038,-149.8173088
21085,0x56c8db93b5f1198d:0xb654de05f87aea10,Alaska,Thai restaurant,4.5,Phở Lucky,61.581515,-149.6352999
21121,0x56c8dab5e18eb30d:0x3a8e19842bb9098b,Alaska,Italian restaurant,4.3,The Aardvark,61.5308647,-149.84194929999998
21125,0x56c8e0bdca3536b5:0x5c684ff971d048ee,Alaska,Fast food restaurant,3.5,McDonald's,61.568692,-149.3652727
21125,0x56c8e0bdca3536b5:0x5c684ff971d048ee,Alaska,Breakfast restaurant,3.5,McDonald's,61.568692,-149.3652727
21125,0x56c8e0bdca3536b5:0x5c684ff971d048ee,Alaska,Hamburger restaurant,3.5,McDonald's,61.568692,-149.3652727
21138,0x56c91e7674ce6be1:0x39543a1b1fe9ce0d,Alaska,Pizza restaurant,4.2,Pizza Athena,61.6206227,-149.1175827
21140,0x56c91dfc7f60942f:0x3086f1bfa556112f,Alaska,Pho restaurant,4.7,Pho and Thai Restaurant,61.5999965,-149.1280287
21140,0x56c91dfc7f60942f:0x3086f1bfa556112f,Alaska,Thai restaurant,4.7,Pho and Thai Restaurant,61.5999965,-149.1280287
21162,0x51324548f217ec63:0x2fc6f7bdca2ddeaa,Alaska,Mediterranean restaurant,4.5,Eastern Treats,64.843114,-147.7195609
21162,0x51324548f217ec63:0x2fc6f7bdca2ddeaa,Alaska,European restaurant,4.5,Eastern Treats,64.843114,-147.7195609
21191,0x56c8bdb5769ec0ef:0x3e301118a76c393a,Alaska,Fast food restaurant,4.8,International House of Hotdogs,61.2182321,-149.9033703
21198,0x56c897db0d232a63:0x37d42e51841b3bbc,Alaska,Mexican restaurant,4.6,Bennys Food Wagon,61.1946393,-149.9023095
21208,0x56c864cfaf1f6187:0xa10e3d21479840d5,Alaska,Japanese restaurant,3.9,Sakura Asian Bistro,60.9704446,-149.0987185
21208,0x56c864cfaf1f6187:0xa10e3d21479840d5,Alaska,Sushi restaurant,3.9,Sakura Asian Bistro,60.9704446,-149.0987185
21213,0x56c66163b7774a3d:0x1c6383afe12ac149,Alaska,Family restaurant,4.5,Ginger's Restaurant,60.4852062,-151.0687385
21215,0x56c6617d3d7e70df:0xaf4fd0e2161f3da0,Alaska,Pizza restaurant,4.5,Papa Murphy's | Take 'N' Bake Pizza,60.4807993,-151.0751018
21215,0x56c6617d3d7e70df:0xaf4fd0e2161f3da0,Alaska,Family restaurant,4.5,Papa Murphy's | Take 'N' Bake Pizza,60.4807993,-151.0751018
21215,0x56c6617d3d7e70df:0xaf4fd0e2161f3da0,Alaska,Italian restaurant,4.5,Papa Murphy's | Take 'N' Bake Pizza,60.4807993,-151.0751018
21215,0x56c6617d3d7e70df:0xaf4fd0e2161f3da0,Alaska,Vegetarian restaurant,4.5,Papa Murphy's | Take 'N' Bake Pizza,60.4807993,-151.0751018
21218,0x56c65d5eab5a1beb:0x1301690d7f20cf97,Alaska,American restaurant,4.3,Cozy Cabin Cafe,60.5363379,-150.7921106
21237,0x56c8de43c01d6d69:0x5265e48a0bc0681f,Alaska,Pizza restaurant,4.5,Tuscana Pizza,61.59431,-149.43778039999998
21243,0x56c8bd9677e31b99:0xcf76945510689f2a,Alaska,Mexican restaurant,4.9,El Green-Go's,61.2184768,-149.904454
21243,0x56c8bd9677e31b99:0xcf76945510689f2a,Alaska,Vegan restaurant,4.9,El Green-Go's,61.2184768,-149.904454
21252,0x56c896683769f563:0xe58073400dff173a,Alaska,Hamburger restaurant,3.7,The Rock Wood Fired Pizza,61.2183279,-149.8165042
21252,0x56c896683769f563:0xe58073400dff173a,Alaska,Pizza restaurant,3.7,The Rock Wood Fired Pizza,61.2183279,-149.8165042
21255,0x56c897c81c27a063:0x345caa7cf3c4e96c,Alaska,Breakfast restaurant,4.0,Cafe Amsterdam,61.1930571,-149.8745236
21255,0x56c897c81c27a063:0x345caa7cf3c4e96c,Alaska,Lunch restaurant,4.0,Cafe Amsterdam,61.1930571,-149.8745236
21259,0x51324e301f46def7:0x7630800ae13d33bd,Alaska,Thai restaurant,4.7,Spicy Thai By Moo,64.8096008,-147.56710809999998
21261,0x5401209ed8d61a37:0x9f559de04c21cc6c,Alaska,American restaurant,4.4,Douglas Cafe,58.2766612,-134.394499
21279,0x56c8de134d25ad61:0xb1ffb5a08afb4d93,Alaska,Thai restaurant,4.3,Pattaya Sushi and Thai Restaurant,61.5816713,-149.4339033
21286,0x56c897e7ace72325:0x23e5bdcc8294991b,Alaska,Chicken wings restaurant,3.4,Pizza Hut,61.1862006,-149.91446929999998
21286,0x56c897e7ace72325:0x23e5bdcc8294991b,Alaska,Pizza restaurant,3.4,Pizza Hut,61.1862006,-149.91446929999998
21310,0x56c897bcff5a6f1d:0x14aafa3f56d807fd,Alaska,New American restaurant,4.7,Altura Bistro,61.1818543,-149.8695497
21310,0x56c897bcff5a6f1d:0x14aafa3f56d807fd,Alaska,American restaurant,4.7,Altura Bistro,61.1818543,-149.8695497
21314,0x51348baf3886ce17:0x552e917b21e5bffa,Alaska,American restaurant,4.4,Sloan's Restaurant,64.03024289999999,-145.7301484
21334,0x56c897eb17c8280d:0x532421b530229d33,Alaska,Seafood restaurant,3.5,Dragon Seafood Restaurant & Grill,61.1801841,-149.89379879999998
21356,0x51324540908ca259:0x1c081b33ebbe59d0,Alaska,Thai restaurant,4.5,Siam Square,64.8521885,-147.7121432
21361,0x56c897c3cf4a0441:0x38291e19db84ee6a,Alaska,Fusion restaurant,4.1,Crazy Hook Pub Restaurant,61.1885417,-149.8945777
21363,0x56c89837d626f52d:0xc53dd2dc9a4ab2b6,Alaska,Thai restaurant,4.6,Siam Cuisine,61.1383576,-149.9159525
21363,0x56c89837d626f52d:0xc53dd2dc9a4ab2b6,Alaska,Asian restaurant,4.6,Siam Cuisine,61.1383576,-149.9159525
21363,0x56c89837d626f52d:0xc53dd2dc9a4ab2b6,Alaska,Pho restaurant,4.6,Siam Cuisine,61.1383576,-149.9159525
21367,0x56c899d3ad5acba3:0xed6a97bb0815c1c5,Alaska,Thai restaurant,4.4,royal thai restaurant,61.1450193,-149.8774413
21368,0x56c8997ee99bc325:0xab0d681dfb3b1dc3,Alaska,Korean restaurant,4.6,Seoul Casa - Korean Mexican Fusion,61.14568,-149.8692499
21369,0x56c8bd54e1368573:0xeccc9dc6b78e31a6,Alaska,American restaurant,4.0,Fly In Restaurant,61.1744522,-149.9567467
21393,0x56c896e609e99c07:0x33221a0a30876e60,Alaska,Pizza restaurant,4.4,Amore's Pizza,61.1937602,-149.7789061
21393,0x56c896e609e99c07:0x33221a0a30876e60,Alaska,Italian restaurant,4.4,Amore's Pizza,61.1937602,-149.7789061
21401,0x56c8bd80839e36cb:0x9c475e22e5a334b7,Alaska,American restaurant,4.3,Horizon's Cafe,61.2148174,-149.89638879999998
21412,0x540c25a454fb47cf:0xf266528768d72f17,Alaska,Fast food restaurant,3.7,McDonald's,55.3486696,-131.67238899999998
21412,0x540c25a454fb47cf:0xf266528768d72f17,Alaska,Breakfast restaurant,3.7,McDonald's,55.3486696,-131.67238899999998
21412,0x540c25a454fb47cf:0xf266528768d72f17,Alaska,Hamburger restaurant,3.7,McDonald's,55.3486696,-131.67238899999998
21413,0x540c25a59943b807:0x5dbf96e20ba2eec,Alaska,Pizza restaurant,4.5,Ketchikan's Gold Pan Pizza,55.3494144,-131.6712933
21418,0x540c25a454fb47cf:0x54fee7fc133abc9a,Alaska,Taco restaurant,3.7,TacoTime,55.35022,-131.6790001
21418,0x540c25a454fb47cf:0x54fee7fc133abc9a,Alaska,Burrito restaurant,3.7,TacoTime,55.35022,-131.6790001
21418,0x540c25a454fb47cf:0x54fee7fc133abc9a,Alaska,Fast food restaurant,3.7,TacoTime,55.35022,-131.6790001
21418,0x540c25a454fb47cf:0x54fee7fc133abc9a,Alaska,Mexican restaurant,3.7,TacoTime,55.35022,-131.6790001
21418,0x540c25a454fb47cf:0x54fee7fc133abc9a,Alaska,Spanish restaurant,3.7,TacoTime,55.35022,-131.6790001
21418,0x540c25a454fb47cf:0x54fee7fc133abc9a,Alaska,Tex-Mex restaurant,3.7,TacoTime,55.35022,-131.6790001
21421,0x56c897d0d7265e53:0x152663420fb065c,Alaska,Caribbean restaurant,4.6,Sunday's Caribbean Cuisine,61.2215468,-149.77953639999998
21421,0x56c897d0d7265e53:0x152663420fb065c,Alaska,Latin American restaurant,4.6,Sunday's Caribbean Cuisine,61.2215468,-149.77953639999998
21421,0x56c897d0d7265e53:0x152663420fb065c,Alaska,Puerto Rican restaurant,4.6,Sunday's Caribbean Cuisine,61.2215468,-149.77953639999998
21424,0x56aaa92809c51c9b:0x935e618042384ae9,Alaska,American restaurant,4.5,Sweet Tooth Cafe,59.454434,-135.31721009999998
21424,0x56aaa92809c51c9b:0x935e618042384ae9,Alaska,Breakfast restaurant,4.5,Sweet Tooth Cafe,59.454434,-135.31721009999998
21427,0x56c8db92f95921b7:0x6baeb32d2d7442d,Alaska,Pizza restaurant,4.6,Cadillac Cafe,61.5819719,-149.63128519999998
21461,0x56c91dfaa5ba9db5:0xd59927c3b9ef5340,Alaska,Pizza restaurant,4.3,Papa Murphy's | Take 'N' Bake Pizza,61.5995693,-149.1158412
21461,0x56c91dfaa5ba9db5:0xd59927c3b9ef5340,Alaska,Family restaurant,4.3,Papa Murphy's | Take 'N' Bake Pizza,61.5995693,-149.1158412
21461,0x56c91dfaa5ba9db5:0xd59927c3b9ef5340,Alaska,Italian restaurant,4.3,Papa Murphy's | Take 'N' Bake Pizza,61.5995693,-149.1158412
21461,0x56c91dfaa5ba9db5:0xd59927c3b9ef5340,Alaska,Vegetarian restaurant,4.3,Papa Murphy's | Take 'N' Bake Pizza,61.5995693,-149.1158412
21466,0x56c897367ab01faf:0x49d34033bcb4823d,Alaska,Japanese restaurant,4.6,TOZAI Japanese restaurant / catering,61.1739233,-149.8953578
21475,0x56c89849d7ce28b5:0x73ef5df58a430110,Alaska,Barbecue restaurant,4.7,AJ'S RIB A GO GO,61.141983,-149.8346252
21478,0x56c79d94441d92bb:0x9eed15b14f6b2f0c,Alaska,Mexican restaurant,4.8,Lone Chicharron Taqueria,60.1017874,-149.4407228
21485,0x56c8bd8aab69c2c9:0x1e9da99bcd68ddfa,Alaska,Chinese restaurant,3.9,China Town Restaurant,61.2310047,-149.8739312
21486,0x56c897579a97071f:0xd594ef0cad046e41,Alaska,American restaurant,3.9,Juno Restaurant,61.1742049,-149.8851924
21488,0x5400df836db15e11:0x8e62f43493d2ea63,Alaska,Italian restaurant,4.2,In Bocca al Lupo,58.3011737,-134.4089066
21488,0x5400df836db15e11:0x8e62f43493d2ea63,Alaska,Lunch restaurant,4.2,In Bocca al Lupo,58.3011737,-134.4089066
21489,0x56c7b434f5f6f61b:0x4552ef6a1177f47e,Alaska,Pizza restaurant,4.5,Sackett's Kenai Grill,60.4833383,-149.8845876
21490,0x56c897c3cf2143a1:0xada1cf6089a69b01,Alaska,Eclectic restaurant,4.6,Campobello Bistro,61.188542,-149.894578
21490,0x56c897c3cf2143a1:0xada1cf6089a69b01,Alaska,French restaurant,4.6,Campobello Bistro,61.188542,-149.894578
21490,0x56c897c3cf2143a1:0xada1cf6089a69b01,Alaska,Italian restaurant,4.6,Campobello Bistro,61.188542,-149.894578
21490,0x56c897c3cf2143a1:0xada1cf6089a69b01,Alaska,Mediterranean restaurant,4.6,Campobello Bistro,61.188542,-149.894578
21490,0x56c897c3cf2143a1:0xada1cf6089a69b01,Alaska,Seafood restaurant,4.6,Campobello Bistro,61.188542,-149.894578
21491,0x56c899e74025f90f:0xd9f79ef12ec377be,Alaska,Pizza restaurant,4.1,Papa Murphy's | Take 'N' Bake Pizza,61.136137,-149.8396665
21491,0x56c899e74025f90f:0xd9f79ef12ec377be,Alaska,Family restaurant,4.1,Papa Murphy's | Take 'N' Bake Pizza,61.136137,-149.8396665
21491,0x56c899e74025f90f:0xd9f79ef12ec377be,Alaska,Italian restaurant,4.1,Papa Murphy's | Take 'N' Bake Pizza,61.136137,-149.8396665
21491,0x56c899e74025f90f:0xd9f79ef12ec377be,Alaska,Vegetarian restaurant,4.1,Papa Murphy's | Take 'N' Bake Pizza,61.136137,-149.8396665
21501,0x56c897db90de1869:0x461aabe7eb69cf44,Alaska,Pizza restaurant,4.5,Pizza Olympia,61.1948013,-149.90501129999998
21505,0x56c8969f6debde89:0xa375cb8de092bf90,Alaska,Pizza restaurant,4.3,Muldoon Pizza,61.2184681,-149.734071
21505,0x56c8969f6debde89:0xa375cb8de092bf90,Alaska,Italian restaurant,4.3,Muldoon Pizza,61.2184681,-149.734071
21516,0x56c899967dcc3581:0xe770f1825d7f4849,Alaska,American restaurant,4.1,The Bradley House Food & Spirits,61.1183532,-149.863118
21516,0x56c899967dcc3581:0xe770f1825d7f4849,Alaska,Brunch restaurant,4.1,The Bradley House Food & Spirits,61.1183532,-149.863118
21516,0x56c899967dcc3581:0xe770f1825d7f4849,Alaska,Soup restaurant,4.1,The Bradley House Food & Spirits,61.1183532,-149.863118
21517,0x56c899f7a34714ed:0x7b144faf8093a4c6,Alaska,American restaurant,4.4,O'Malley's On the Green,61.1274912,-149.8146243
21521,0x56c89687e148a613:0xe82c8c8b5a9193ea,Alaska,Dominican restaurant,3.7,Tropical Latin Food Restaurant,61.2212348,-149.7777183
21521,0x56c89687e148a613:0xe82c8c8b5a9193ea,Alaska,Puerto Rican restaurant,3.7,Tropical Latin Food Restaurant,61.2212348,-149.7777183
21526,0x56c897c9327e56a7:0xcf6a4d514aafa5fe,Alaska,Cheesesteak restaurant,4.4,Straight Out of Philly,61.1977712,-149.87930749999998
21526,0x56c897c9327e56a7:0xcf6a4d514aafa5fe,Alaska,Pizza restaurant,4.4,Straight Out of Philly,61.1977712,-149.87930749999998
21527,0x51325ad879a04abd:0x8e5d33aecb69b12,Alaska,Mexican restaurant,4.1,Mayan Palace,64.8363052,-147.8029694
21542,0x56c6bbedd8a7e5a3:0x24f4d18d4a788d89,Alaska,Thai restaurant,4.7,Keen Kow Thai Food,60.0386954,-151.6774758
1021163,0x4cb5a7f448f035a9:0x38b804fdd7305be6,Vermont,Pizza restaurant,3.8,Angeleno's Pizza,44.2581196,-72.57626979999999
1021195,0x4cca1b9c43347461:0x399e3212d525f9a2,Vermont,American restaurant,4.5,Clubhouse Restaurant,44.8543336,-73.091398
1021208,0x4cb5eab56a8847af:0x2337c93c5ba4f1a4,Vermont,Fast food restaurant,4.2,Subway,44.5631779,-72.6000171
1021210,0x4cb4ca700c724957:0x3a3f4180b684e3a8,Vermont,Italian restaurant,4.2,2 Guys Pies,43.6604843,-72.3145621
1021251,0x89e11b0914ce3bd1:0xdc617561ea505c83,Vermont,Fine dining restaurant,4.4,Brattleboro Country Club,42.8733329,-72.5816116
1021258,0x4cb4471d3d3d9afb:0xb4c8a267255728e1,Vermont,Italian restaurant,4.6,Salt Bistro and the Vermont Catering Company,44.4183133,-72.0174608
1021258,0x4cb4471d3d3d9afb:0xb4c8a267255728e1,Vermont,Lunch restaurant,4.6,Salt Bistro and the Vermont Catering Company,44.4183133,-72.0174608
1021269,0x4cb55d0500392cb5:0x48d1132671cad245,Vermont,American restaurant,4.2,Morgan's Tavern at the Middlebury Inn,44.014336,-73.166271
1021269,0x4cb55d0500392cb5:0x48d1132671cad245,Vermont,Hamburger restaurant,4.2,Morgan's Tavern at the Middlebury Inn,44.014336,-73.166271
1021269,0x4cb55d0500392cb5:0x48d1132671cad245,Vermont,Seafood restaurant,4.2,Morgan's Tavern at the Middlebury Inn,44.014336,-73.166271
1021285,0x4cca77b0933f3c5f:0xf2a47d0a43455bdd,Vermont,Chinese restaurant,4.0,Full House,44.5118214,-73.0650332
1021285,0x4cca77b0933f3c5f:0xf2a47d0a43455bdd,Vermont,Asian restaurant,4.0,Full House,44.5118214,-73.0650332
1021290,0x89e02462da677b41:0xefb2a19d7163ab69,Vermont,American restaurant,3.1,Rutland Restaurant,43.6075409,-72.9807534
1021297,0x89e11a4e54133c31:0xf53ef0a8d1e57d8e,Vermont,Mexican restaurant,4.2,Cantina Vidorra,42.8520262,-72.5592155
1021322,0x4cb5eab8da1a8c85:0x3b28a94cc2c9eca0,Vermont,Chinese restaurant,4.2,Wok N Roll,44.5725665,-72.59253629999999
1021337,0x4cca7af1471c28ed:0xee12796c107e3f34,Vermont,American restaurant,4.0,Pearl Street Diner,44.4801693,-73.2154247
1021337,0x4cca7af1471c28ed:0xee12796c107e3f34,Vermont,Breakfast restaurant,4.0,Pearl Street Diner,44.4801693,-73.2154247
1021337,0x4cca7af1471c28ed:0xee12796c107e3f34,Vermont,Family restaurant,4.0,Pearl Street Diner,44.4801693,-73.2154247
1021403,0x4cca7c3d9342528f:0xc2aeed5b860b8e26,Vermont,Italian restaurant,4.0,Bella Luna,44.4095303,-73.2159661
1021403,0x4cca7c3d9342528f:0xc2aeed5b860b8e26,Vermont,Fine dining restaurant,4.0,Bella Luna,44.4095303,-73.2159661
1021413,0x4cb681590b313e6d:0x561092ac0775a6ce,Vermont,Pizza restaurant,4.9,Jesse's Little Kitchen,44.8168132,-71.87992489999999
1021426,0x4cca732072dfaf89:0x3c036cedb8ffed42,Vermont,Chinese restaurant,4.0,FuYam Buffet Sushi and Hibachi,44.6246463,-73.1196973
1021426,0x4cca732072dfaf89:0x3c036cedb8ffed42,Vermont,Buffet restaurant,4.0,FuYam Buffet Sushi and Hibachi,44.6246463,-73.1196973
1021452,0x4cca778bea03f09d:0x283285634def122a,Vermont,Barbecue restaurant,4.9,Still Smok'n VT BBQ,44.4940891,-73.12131699999999
1021463,0x4cca9d7e8a2a217d:0xdc9ed16ab5143f11,Vermont,Fast food restaurant,4.0,Subway,44.1726822,-73.2399975
1021473,0x4cb522084b462e1d:0xa5c97530c750727e,Vermont,Barbecue restaurant,4.6,Vermont Maple BBQ,43.8643237,-72.64693609999999
1021487,0x89e09663f0b91d27:0x7149983645567d48,Vermont,American restaurant,4.4,Bennington Station Restaurant,42.8817091,-73.19902689999999
1021487,0x89e09663f0b91d27:0x7149983645567d48,Vermont,Seafood restaurant,4.4,Bennington Station Restaurant,42.8817091,-73.19902689999999
1021488,0x89e020c6ce6b525d:0xbeeabdb6b5097e84,Vermont,Fast food restaurant,3.2,Subway,43.7004229,-73.0105729
1021524,0x4cca6ff6d22aa57d:0x4702b34d4ebf039d,Vermont,Pizza restaurant,3.7,Domino's Pizza,44.5155195,-73.25598699999999
1021530,0x4cb5a7f397db8901:0x162b8395b95aa2c6,Vermont,American restaurant,4.3,NECI on Main,44.260935,-72.574978
1021554,0x4cb506db8dbd8197:0xc01d775896342cf,Vermont,Breakfast restaurant,3.5,Dunkin',44.200193,-72.5045796
1021554,0x4cb506db8dbd8197:0xc01d775896342cf,Vermont,Fast food restaurant,3.5,Dunkin',44.200193,-72.5045796
1021572,0x4cb4ece32fdd5355:0x6ec4b622f68a836f,Vermont,Lebanese restaurant,4.2,Alexanders Restaurant & Pub,43.992413,-72.1280558
1021595,0x4cb59f12a55cd6f7:0x25f307f3e0c13632,Vermont,Fast food restaurant,4.2,Subway,44.329688,-72.7481329
1021601,0x4cb44772e51803f3:0x9e5b9753fedec01b,Vermont,Breakfast restaurant,4.7,Kitchen Counter Cafe,44.4180856,-72.0155195
1021601,0x4cb44772e51803f3:0x9e5b9753fedec01b,Vermont,Lunch restaurant,4.7,Kitchen Counter Cafe,44.4180856,-72.0155195
1021606,0x4cb5a7f38b029bf9:0xf799737ff108c159,Vermont,Breakfast restaurant,4.1,Coffee Corner,44.2599633,-72.5750098
1021606,0x4cb5a7f38b029bf9:0xf799737ff108c159,Vermont,Family restaurant,4.1,Coffee Corner,44.2599633,-72.5750098
1021635,0x4cb437a1705db915:0x451e9f96634cc148,Vermont,American restaurant,3.9,Fusion Grill,44.5011114,-72.0036702
1021635,0x4cb437a1705db915:0x451e9f96634cc148,Vermont,Fine dining restaurant,3.9,Fusion Grill,44.5011114,-72.0036702
1021635,0x4cb437a1705db915:0x451e9f96634cc148,Vermont,Italian restaurant,3.9,Fusion Grill,44.5011114,-72.0036702
1021635,0x4cb437a1705db915:0x451e9f96634cc148,Vermont,Pizza restaurant,3.9,Fusion Grill,44.5011114,-72.0036702
1021663,0x89e0123461804445:0x7cbcf0c65ea26ffc,Vermont,Breakfast restaurant,4.0,Dunkin,43.5166676,-73.2324927
1021663,0x89e0123461804445:0x7cbcf0c65ea26ffc,Vermont,Fast food restaurant,4.0,Dunkin,43.5166676,-73.2324927
1021664,0x4cb5eab4d409f811:0x3f1536bd27a7e35a,Vermont,Chinese restaurant,4.1,Green Dragon,44.561895,-72.59824259999999
1021664,0x4cb5eab4d409f811:0x3f1536bd27a7e35a,Vermont,Asian restaurant,4.1,Green Dragon,44.561895,-72.59824259999999
1021667,0x4cb5498e0b787657:0xcf5a9c7036ebdd15,Vermont,Chinese restaurant,4.2,Li's Chinese Restaurant,43.7984186,-73.08748849999999
1021679,0x89e1b9af59f61845:0x486f79be46d35ba9,Vermont,Chinese restaurant,4.2,Oriental Palace,43.294315,-72.479446
1021685,0x4cb55d03f120428f:0xb437ba581d98ebdb,Vermont,Pizza restaurant,4.6,Notte,44.0122737,-73.1699143
1021686,0x4cca9d82df5f0c49:0x2d68771a24a2706e,Vermont,Pizza restaurant,3.9,Luigi's Italian Specialties,44.1680352,-73.2509159
1021695,0x89e02414ac27bca5:0x9893ab27ae80efba,Vermont,Breakfast restaurant,3.5,Dunkin,43.6243799,-72.9756484
1021695,0x89e02414ac27bca5:0x9893ab27ae80efba,Vermont,Fast food restaurant,3.5,Dunkin,43.6243799,-72.9756484
1021708,0x4cb44623239f77af:0x3b570da1b963fa9a,Vermont,Chinese restaurant,4.0,New East Garden,44.415096,-72.0169793
1021721,0x4cb436d7e1d0f92d:0xc7efc666133aa882,Vermont,American restaurant,4.7,Sweet Basil Cafe & Catering,44.5348942,-72.0045385
1021724,0x4cca7a7018954c3f:0xdf49dc842335721,Vermont,Breakfast restaurant,4.7,Vivid Coffee Roasters,44.4794228,-73.2121642
1021724,0x4cca7a7018954c3f:0xdf49dc842335721,Vermont,Lunch restaurant,4.7,Vivid Coffee Roasters,44.4794228,-73.2121642
1021731,0x4cb44622b0c4e2a9:0xa4a12bdfb660b06c,Vermont,Fast food restaurant,4.0,Subway,44.4163951,-72.0167274
1021736,0x4cb523d76ebcd7e3:0xc99ab931006630a4,Vermont,Breakfast restaurant,3.9,Dunkin',43.9218689,-72.6645351
1021736,0x4cb523d76ebcd7e3:0xc99ab931006630a4,Vermont,Fast food restaurant,3.9,Dunkin',43.9218689,-72.6645351
1021742,0x89e013a0b668c799:0x3658a98c8ef49406,Vermont,Taco restaurant,4.3,Taco Experiment,43.5167351,-73.2333402
1021748,0x4cb59f1133eedb11:0x353cbcfa5b92e4d7,Vermont,Chinese restaurant,4.0,China Star,44.3350908,-72.75288929999999
1021750,0x89e1edd938d5c261:0x78dc3208f3d621f1,Vermont,Breakfast restaurant,4.1,Soup'er Heros Sandwich Shop,44.223909,-72.54996799999999
1021752,0x89e1b950b655f753:0xf25fd7f0db10559,Vermont,Fast food restaurant,4.0,Subway,43.2640618,-72.4363894
1021757,0x4cca7ba5ba206eaf:0x5926b112e63bf0d,Vermont,Fast food restaurant,4.4,The Pine Street Deli,44.4557961,-73.2139021
1021757,0x4cca7ba5ba206eaf:0x5926b112e63bf0d,Vermont,Greek restaurant,4.4,The Pine Street Deli,44.4557961,-73.2139021
1021767,0x89e1cacc5cf6d877:0x531496a6776b3a49,Vermont,Chophouse restaurant,4.4,The Chop House,43.4009902,-72.7061865
1021768,0x4cb55d045f8c8227:0xffb20a82e9494f7b,Vermont,Breakfast restaurant,3.9,The Diner,44.0134484,-73.1670164
1021771,0x4cca7395f0c8eea5:0x4dce68c16e3e29c0,Vermont,Indian restaurant,4.7,New Red Panda LLC,44.6247224,-73.11966079999999
1021771,0x4cca7395f0c8eea5:0x4dce68c16e3e29c0,Vermont,Biryani restaurant,4.7,New Red Panda LLC,44.6247224,-73.11966079999999
1021771,0x4cca7395f0c8eea5:0x4dce68c16e3e29c0,Vermont,Modern Indian restaurant,4.7,New Red Panda LLC,44.6247224,-73.11966079999999
1021771,0x4cca7395f0c8eea5:0x4dce68c16e3e29c0,Vermont,Nepalese restaurant,4.7,New Red Panda LLC,44.6247224,-73.11966079999999
1021772,0x4cca0b4a5cae5c15:0x3bc2ec3dcb2874a6,Vermont,Pizza restaurant,4.4,JJ's Place Pizza And So Much More,44.6566911,-73.0085023
1021774,0x4cb44c89bfb305d3:0xd5042db9504d01ee,Vermont,American restaurant,4.6,Three Ponds,44.409057,-72.1949169
1021788,0x89e11a332451916f:0x7d8344047bb12f7,Vermont,Chinese restaurant,4.4,Fu Cai,42.8394415,-72.56666349999999
1021790,0x89e01022aae11b4b:0x54e66e7675562188,Vermont,Pizza restaurant,4.5,Fair Haven Pizza House & Subs,43.5924767,-73.2647992
1021809,0x4cb677fcc4519963:0x364c9cbd060a4a01,Vermont,American restaurant,4.4,The Gap Pub & Grill,44.7837197,-72.0738296
1021816,0x4cb4d43667bc0adb:0x51a04269191c5b83,Vermont,American restaurant,4.4,Barnard Inn Restaurant & Max's Tavern,43.7197172,-72.6220244
1021820,0x4cca7bce6624f2f9:0xa9f8b7b2892a77a,Vermont,Asian restaurant,4.6,Friend’s Nepali Restaurant,44.4957496,-73.1859125
1021821,0x4cb5a7f37a5d0495:0xcbb64379e1f3605c,Vermont,Asian fusion restaurant,4.0,Asiana House,44.2605906,-72.57670809999999
1021821,0x4cb5a7f37a5d0495:0xcbb64379e1f3605c,Vermont,Sushi restaurant,4.0,Asiana House,44.2605906,-72.57670809999999
1021826,0x89e11a4f74ba6319:0xa0bb0e0c7afb8654,Vermont,Italian restaurant,4.4,Blue Moose,42.8512183,-72.5574077
1021831,0x89e096edeef8bc95:0x30061301a957dd26,Vermont,Pizza restaurant,4.1,Bennington Pizza Plaza,42.8993181,-73.2127873
1021831,0x89e096edeef8bc95:0x30061301a957dd26,Vermont,Greek restaurant,4.1,Bennington Pizza Plaza,42.8993181,-73.2127873
1021844,0x4cca7a722c6a02c3:0xc04a4962efd4f25f,Vermont,Pizza restaurant,4.5,Waf's Westside Deli,44.4923465,-73.1802347
1021845,0x4cca0d964d990b77:0xf022b7484eb945d8,Vermont,Pizza restaurant,4.1,Georgia House of Pizza,44.6913475,-73.1091659
1021847,0x4cca1c3892893455:0x71110c9269ab800a,Vermont,Breakfast restaurant,4.2,My-T-Fine II,44.935536,-73.11917799999999
1021860,0x4cb507680ab0c2fd:0xd02b21a2f2e6d607,Vermont,Ramen restaurant,4.7,Si Aku Ramen,44.1993664,-72.5038347
1021879,0x4cb44623641f2e6f:0x3f9ddc6fb28b429b,Vermont,Fast food restaurant,3.3,McDonald's,44.41663,-72.0165423
1021879,0x4cb44623641f2e6f:0x3f9ddc6fb28b429b,Vermont,Breakfast restaurant,3.3,McDonald's,44.41663,-72.0165423
1021879,0x4cb44623641f2e6f:0x3f9ddc6fb28b429b,Vermont,Hamburger restaurant,3.3,McDonald's,44.41663,-72.0165423
1021890,0x89e108a890e0da09:0xad3a73d15733482f,Vermont,American restaurant,4.4,J.D. McCliments Gastropub,42.9790467,-72.5164909
1021890,0x89e108a890e0da09:0xad3a73d15733482f,Vermont,Family restaurant,4.4,J.D. McCliments Gastropub,42.9790467,-72.5164909
1021903,0x4cb507ae28a2c5cf:0x61f1741ca723d03,Vermont,Fast food restaurant,4.4,Subway,44.22679,-72.5512905
1021931,0x4cca1b10806bf403:0xfc26d06c5f0e081b,Vermont,Chinese restaurant,4.2,Oriental Kitchen,44.8368168,-73.0827012
1021953,0x4cca71d36a3147e5:0x90ce28ac62f937fc,Vermont,Fast food restaurant,3.4,Subway,44.543789,-73.21404749999999
1021990,0x4cca78f0be1a848b:0x268996dc911ff840,Vermont,Mexican restaurant,3.6,Mexicali Grill & Cantina,44.4452778,-73.1097222
1021990,0x4cca78f0be1a848b:0x268996dc911ff840,Vermont,Latin American restaurant,3.6,Mexicali Grill & Cantina,44.4452778,-73.1097222
1021991,0x4cca1001faf0914d:0x8821a66b284f1f86,Vermont,Fast food restaurant,3.2,SUBWAY,44.7952265,-73.0730177
1021995,0x4cb43041cc4e695d:0x6556f149553ff768,Vermont,Pizza restaurant,4.6,Northeast Kingdom Country Store,44.5878847,-71.9447759
1021996,0x89e1d88642963aab:0xde597fa9f3232f17,Vermont,Pizza restaurant,4.1,Pizza Chef,43.6310081,-72.5051041
1021996,0x89e1d88642963aab:0xde597fa9f3232f17,Vermont,Italian restaurant,4.1,Pizza Chef,43.6310081,-72.5051041
1021997,0x4cb5a7f38202e309:0xbd9cd54c3cc8744b,Vermont,Pizza restaurant,4.2,Positive Pie Inc.,44.2601286,-72.57630069999999
1022034,0x89e05e45a3615ff5:0xdf25a85a6aabae68,Vermont,Seafood restaurant,4.5,Gourmet Deli & Cafe,43.1778858,-73.0558834
1022034,0x89e05e45a3615ff5:0xdf25a85a6aabae68,Vermont,Sundae restaurant,4.5,Gourmet Deli & Cafe,43.1778858,-73.0558834
1022052,0x4cca7a458693a559:0x7e4d745d6c75059e,Vermont,Fast food restaurant,3.9,Wow Bao,44.473658,-73.194752
1022063,0x4cb67cbc63b21b51:0x7c1cfc726bb41895,Vermont,Pizza restaurant,4.6,The Morgan Country Store,44.9131164,-72.0146106
1022097,0x4cca7a347f607a3b:0x31c3a9169ec4a702,Vermont,Pizza restaurant,4.0,Roman Delight Pizza,44.465249,-73.1834999
1022104,0x4cc9fff125af87f9:0x2acfe4055d5e1397,Vermont,Chinese restaurant,3.4,Mandarin Garden,44.9050321,-72.8068396
1022114,0x89e09665a2770d93:0x3f4cd8d607523c32,Vermont,Pizza restaurant,4.0,Domino's Pizza,42.8793762,-73.18414609999999
1022155,0x4cca7af65f246619:0x9629d0ead2947fe3,Vermont,Brunch restaurant,4.7,Penny Cluse,44.4791731,-73.2113603
1022167,0x89e05e5073251169:0x26fd489664e01279,Vermont,Fast food restaurant,4.2,Subway,43.1750869,-73.0507569
1022170,0x4cca777cd350b871:0x317ed14a0774a024,Vermont,American restaurant,4.1,Essex Grill,44.4915695,-73.10890959999999
1022185,0x4cb677232ee72cfd:0xcb4a5a63a34bdb87,Vermont,Family restaurant,4.6,Martha’s Diner,44.8666845,-72.2618478
1022208,0x89e025d7aa9ae71f:0x8e7e64039f86dce8,Vermont,Austrian restaurant,4.2,Countryman's Pleasure,43.6339631,-72.9370737
1022208,0x89e025d7aa9ae71f:0x8e7e64039f86dce8,Vermont,German restaurant,4.2,Countryman's Pleasure,43.6339631,-72.9370737
1022228,0x4cb596f77798d93f:0x319b08c7653f6ef5,Vermont,Thai restaurant,3.8,SAENSOOK Thai Kitchen,44.472282,-72.688583
1022245,0x4cca7af78ed6ac55:0x304ba4978f4662d3,Vermont,Ramen restaurant,4.3,Gaku Ramen,44.4763917,-73.2122806
1022245,0x4cca7af78ed6ac55:0x304ba4978f4662d3,Vermont,Asian restaurant,4.3,Gaku Ramen,44.4763917,-73.2122806
1022245,0x4cca7af78ed6ac55:0x304ba4978f4662d3,Vermont,Authentic Japanese restaurant,4.3,Gaku Ramen,44.4763917,-73.2122806
1022247,0x4cca7bbdc47093e7:0xbf3aa82ae6b007ff,Vermont,Mexican restaurant,3.8,Chipotle Mexican Grill,44.4485704,-73.20824259999999
1022247,0x4cca7bbdc47093e7:0xbf3aa82ae6b007ff,Vermont,Fast food restaurant,3.8,Chipotle Mexican Grill,44.4485704,-73.20824259999999
1022250,0x89e02467287fb705:0x9699c45a33b6c310,Vermont,Fast food restaurant,3.7,Wendy's,43.6095534,-72.9729212
1022250,0x89e02467287fb705:0x9699c45a33b6c310,Vermont,Hamburger restaurant,3.7,Wendy's,43.6095534,-72.9729212
1022259,0x4cca7a308fd8f0b1:0x7cfad746ed270ce7,Vermont,American restaurant,4.4,Windjammer Restaurant,44.469917,-73.1789162
1022263,0x4cca7af72a4d2c09:0xd90b5b94a73d866c,Vermont,Taco restaurant,4.5,Taco Gordo,44.4859775,-73.20989039999999
1022263,0x4cca7af72a4d2c09:0xd90b5b94a73d866c,Vermont,Takeout restaurant,4.5,Taco Gordo,44.4859775,-73.20989039999999
1022263,0x4cca7af72a4d2c09:0xd90b5b94a73d866c,Vermont,Mexican restaurant,4.5,Taco Gordo,44.4859775,-73.20989039999999
1022264,0x4cca775c220083a9:0xb9bc0cb6064023a,Vermont,Chicken restaurant,3.2,KFC,44.4960639,-73.1244796
1022264,0x4cca775c220083a9:0xb9bc0cb6064023a,Vermont,Fast food restaurant,3.2,KFC,44.4960639,-73.1244796
1022265,0x4cca1e6f1bb2644d:0xc9aa0d7e5c7110a0,Vermont,Pizza restaurant,3.3,Pam's Place,44.9207196,-73.11734609999999
1022265,0x4cca1e6f1bb2644d:0xc9aa0d7e5c7110a0,Vermont,Italian restaurant,3.3,Pam's Place,44.9207196,-73.11734609999999
1022272,0x89e11ae4bb4f9d59:0x9f605a3c3c3e2677,Vermont,Pan-Asian restaurant,4.5,Panasian Chinese & Japanese Restaurant,42.874306,-72.561616
1022272,0x89e11ae4bb4f9d59:0x9f605a3c3c3e2677,Vermont,Chinese restaurant,4.5,Panasian Chinese & Japanese Restaurant,42.874306,-72.561616
1022272,0x89e11ae4bb4f9d59:0x9f605a3c3c3e2677,Vermont,Japanese restaurant,4.5,Panasian Chinese & Japanese Restaurant,42.874306,-72.561616
1022298,0x89e0208907c74245:0xc7908f442c97e8d5,Vermont,American restaurant,4.3,J R's Eatery,43.7136111,-73.0373682
1022309,0x89e05e4599de5f65:0x67f4b311f866f51a,Vermont,Pizza restaurant,4.5,Christos' Pizza and Pasta,43.1773547,-73.055951
1022309,0x89e05e4599de5f65:0x67f4b311f866f51a,Vermont,Family restaurant,4.5,Christos' Pizza and Pasta,43.1773547,-73.055951
1022309,0x89e05e4599de5f65:0x67f4b311f866f51a,Vermont,Italian restaurant,4.5,Christos' Pizza and Pasta,43.1773547,-73.055951
1022319,0x89e026d3a05b0931:0xf03be0b8baadbc0f,Vermont,Family restaurant,4.4,The Country House Restaurant,43.6757599,-72.99022169999999
1022322,0x89e11ae78bb71bed:0xc254bef299b28084,Vermont,Fast food restaurant,3.5,McDonald's,42.8820295,-72.5575574
1022322,0x89e11ae78bb71bed:0xc254bef299b28084,Vermont,Breakfast restaurant,3.5,McDonald's,42.8820295,-72.5575574
1022322,0x89e11ae78bb71bed:0xc254bef299b28084,Vermont,Hamburger restaurant,3.5,McDonald's,42.8820295,-72.5575574
1022323,0x89e11a51b9ed72cf:0xf739f5cc1248169d,Vermont,Fast food restaurant,3.6,Subway,42.8812256,-72.55823889999999
1022323,0x89e11a51b9ed72cf:0xf739f5cc1248169d,Vermont,Takeout restaurant,3.6,Subway,42.8812256,-72.55823889999999
1022328,0x4cca731e5953dfbf:0x2fad590de564226d,Vermont,Pizza restaurant,4.0,Domino's Pizza,44.6274488,-73.11745909999999
1022342,0x4cca6554d5ffd711:0x416af0406e30e679,Vermont,Vietnamese restaurant,4.1,Pho Nguyen Restaurant,44.506977,-73.24452
1022342,0x4cca6554d5ffd711:0x416af0406e30e679,Vermont,Thai restaurant,4.1,Pho Nguyen Restaurant,44.506977,-73.24452
1022351,0x89e0966424f6a8b1:0x43b3f53f7784a7cd,Vermont,Family restaurant,4.2,TJ's Fish Fry,42.8798271,-73.199229
1022351,0x89e0966424f6a8b1:0x43b3f53f7784a7cd,Vermont,Fish & chips restaurant,4.2,TJ's Fish Fry,42.8798271,-73.199229
1022354,0x4cca78f9ca4652b1:0xd6542940b121b853,Vermont,American restaurant,3.5,Friendly's,44.448706,-73.110158
1022354,0x4cca78f9ca4652b1:0xd6542940b121b853,Vermont,Family restaurant,3.5,Friendly's,44.448706,-73.110158
1022354,0x4cca78f9ca4652b1:0xd6542940b121b853,Vermont,Hamburger restaurant,3.5,Friendly's,44.448706,-73.110158
1022379,0x4cb5d6e69bbff84f:0x65fd3b827cb655f6,Vermont,American restaurant,4.3,Parson's Pub and Grill,44.7481844,-72.1808515
1022385,0x89e0faa6b60b5745:0x3e9ce0b0f6fa4b24,Vermont,Hamburger restaurant,4.2,1900' Burger,42.9673419,-72.8942874
1022397,0x89e1b16996bea907:0x509e8375850a168,Vermont,American restaurant,4.4,the Free Range,43.2639949,-72.5985843
1022399,0x4cb67194478aea4d:0x72c3763f9426cebf,Vermont,Sushi restaurant,4.5,Le Belvedere,44.936631,-72.20854899999999
1022406,0x4cca7aee062a8d07:0xa6ee566b8f20bc81,Vermont,Fast food restaurant,4.4,Beansie’s Bus,44.4819804,-73.220665
1022413,0x4cca7a324189ec8b:0x9103120ad4652547,Vermont,Organic restaurant,4.4,Eco Bean And Greens,44.4653464,-73.1803256
1022413,0x4cca7a324189ec8b:0x9103120ad4652547,Vermont,American restaurant,4.4,Eco Bean And Greens,44.4653464,-73.1803256
1022413,0x4cca7a324189ec8b:0x9103120ad4652547,Vermont,Ethnic restaurant,4.4,Eco Bean And Greens,44.4653464,-73.1803256
1022413,0x4cca7a324189ec8b:0x9103120ad4652547,Vermont,Health food restaurant,4.4,Eco Bean And Greens,44.4653464,-73.1803256
1022413,0x4cca7a324189ec8b:0x9103120ad4652547,Vermont,Macrobiotic restaurant,4.4,Eco Bean And Greens,44.4653464,-73.1803256
1022413,0x4cca7a324189ec8b:0x9103120ad4652547,Vermont,Vegan restaurant,4.4,Eco Bean And Greens,44.4653464,-73.1803256
1022413,0x4cca7a324189ec8b:0x9103120ad4652547,Vermont,Vegetarian restaurant,4.4,Eco Bean And Greens,44.4653464,-73.1803256
1022417,0x4cb4ecfd4c24ce43:0x7b1dc00d67cde8f4,Vermont,Chinese restaurant,4.5,Chan's House,43.9946938,-72.1277948
1022452,0x89e1d82044238429:0xd5571fdf15537ab9,Vermont,American restaurant,4.5,The Prince & The Pauper Restaurant,43.6257872,-72.5186702
1022452,0x89e1d82044238429:0xd5571fdf15537ab9,Vermont,Fine dining restaurant,4.5,The Prince & The Pauper Restaurant,43.6257872,-72.5186702
1022464,0x4cb523d740f52a25:0x9c0aa04eb878997e,Vermont,Pizza restaurant,4.4,Randolph Village Pizza,43.922133,-72.665179
1022473,0x4cb506dabb92814d:0xf3be98c8bf2dc346,Vermont,Pizza restaurant,3.5,Simply Subs Pizza & Delivery,44.1976059,-72.5020767
1022487,0x4cca026a26c75f97:0x7e7fdbf83d099fb1,Vermont,American restaurant,3.9,The Abbey Pub and Restaurant,44.909202,-72.915022
1022490,0x89e1d817f66e60a5:0xc39b7802dc45c4e,Vermont,Asian fusion restaurant,4.1,Angkor Wat Restaurant,43.6264244,-72.5085355
1022490,0x89e1d817f66e60a5:0xc39b7802dc45c4e,Vermont,Cambodian restaurant,4.1,Angkor Wat Restaurant,43.6264244,-72.5085355
1022495,0x4cb56d9ff2751c03:0x7da346fae0f8c038,Vermont,American restaurant,3.8,Rumble's Bistro & Bar,44.135658,-72.895032
1022497,0x4cb527eb349d8a7f:0xd8276b91dd8a43f3,Vermont,Pizza restaurant,4.6,Cockadoodle Pizza Cafe,43.8312809,-72.6337621
1022497,0x4cb527eb349d8a7f:0xd8276b91dd8a43f3,Vermont,Italian restaurant,4.6,Cockadoodle Pizza Cafe,43.8312809,-72.6337621
1022501,0x4cca6554d74a9373:0xc0ae304dc930c0e,Vermont,Chinese restaurant,4.0,Hung Tao,44.5069123,-73.2450346
1022502,0x4cb5801dac3aba93:0xf32ae774d3bd85b0,Vermont,Fast food restaurant,3.8,Subway,44.3409953,-73.1184425
1022511,0x89e11a4fccd8692d:0x54c5c89be5164474,Vermont,Thai restaurant,4.3,Thai Bamboo,42.8533404,-72.5590579
1022525,0x4cb4cb5da2d0f053:0x8912369c9920008b,Vermont,Southeast Asian restaurant,4.6,Phnom Penh Sandwich Station,43.6487693,-72.3187569
1022525,0x4cb4cb5da2d0f053:0x8912369c9920008b,Vermont,Asian restaurant,4.6,Phnom Penh Sandwich Station,43.6487693,-72.3187569
1022525,0x4cb4cb5da2d0f053:0x8912369c9920008b,Vermont,Cambodian restaurant,4.6,Phnom Penh Sandwich Station,43.6487693,-72.3187569
1022525,0x4cb4cb5da2d0f053:0x8912369c9920008b,Vermont,Thai restaurant,4.6,Phnom Penh Sandwich Station,43.6487693,-72.3187569
1022525,0x4cb4cb5da2d0f053:0x8912369c9920008b,Vermont,Vietnamese restaurant,4.6,Phnom Penh Sandwich Station,43.6487693,-72.3187569
1022539,0x89e096795f9dcda3:0x6f684d350484cdb,Vermont,Breakfast restaurant,4.3,Love A Bagel,42.8787225,-73.1880157
1022539,0x89e096795f9dcda3:0x6f684d350484cdb,Vermont,Brunch restaurant,4.3,Love A Bagel,42.8787225,-73.1880157
1022550,0x4cb4ecc266e8ffe9:0x10242703255614b7,Vermont,American restaurant,4.1,Hungry Bear Pub & Grill,43.982121,-72.1215519
1022550,0x4cb4ecc266e8ffe9:0x10242703255614b7,Vermont,Fast food restaurant,4.1,Hungry Bear Pub & Grill,43.982121,-72.1215519
1022550,0x4cb4ecc266e8ffe9:0x10242703255614b7,Vermont,Hamburger restaurant,4.1,Hungry Bear Pub & Grill,43.982121,-72.1215519
1022561,0x4cb4ed0ec508331b:0xbfff49bfa824769e,Vermont,Pizza restaurant,4.3,Dough Boys Pizza,43.9939404,-72.128019
1022568,0x4cca9d7e8a2a217d:0xe2e7e1e89bbd3d0e,Vermont,Chinese restaurant,4.2,Shuen Lee,44.1769428,-73.2464627
1022575,0x4cb60b7a08f5fc5d:0x11fbdd74e32476a,Vermont,Family restaurant,4.5,The Junction Restaurant,44.9044002,-72.4060094
1022575,0x4cb60b7a08f5fc5d:0x11fbdd74e32476a,Vermont,American restaurant,4.5,The Junction Restaurant,44.9044002,-72.4060094
1022575,0x4cb60b7a08f5fc5d:0x11fbdd74e32476a,Vermont,Barbecue restaurant,4.5,The Junction Restaurant,44.9044002,-72.4060094
1022575,0x4cb60b7a08f5fc5d:0x11fbdd74e32476a,Vermont,Breakfast restaurant,4.5,The Junction Restaurant,44.9044002,-72.4060094
1022575,0x4cb60b7a08f5fc5d:0x11fbdd74e32476a,Vermont,Chicken restaurant,4.5,The Junction Restaurant,44.9044002,-72.4060094
1022575,0x4cb60b7a08f5fc5d:0x11fbdd74e32476a,Vermont,Hamburger restaurant,4.5,The Junction Restaurant,44.9044002,-72.4060094
1022575,0x4cb60b7a08f5fc5d:0x11fbdd74e32476a,Vermont,Lunch restaurant,4.5,The Junction Restaurant,44.9044002,-72.4060094
1022583,0x89e0366c86191821:0x1484b2dd2b6c3b7f,Vermont,Hamburger restaurant,4.8,Belmont General Store,43.4149478,-72.82140629999999
1022595,0x4cca1b11d22ec39f:0x1b9d223b26664a2e,Vermont,Chicken restaurant,2.7,KFC,44.8395942,-73.0820363
1022595,0x4cca1b11d22ec39f:0x1b9d223b26664a2e,Vermont,Fast food restaurant,2.7,KFC,44.8395942,-73.0820363
1022596,0x4cca1c7437f20de3:0xe68bfdeb2fb0409a,Vermont,Fast food restaurant,3.3,Subway,44.8413088,-73.088813
1022597,0x4cca7a621ec2b873:0x350f8521339f56f1,Vermont,Breakfast restaurant,3.5,Dunkin',44.4887505,-73.201072
1022597,0x4cca7a621ec2b873:0x350f8521339f56f1,Vermont,Fast food restaurant,3.5,Dunkin',44.4887505,-73.201072
1022607,0x4cca7bcb8832c7cf:0xb3225d97584644b0,Vermont,Dominican restaurant,4.8,Café Mamajuana,44.4896619,-73.2100178
1022609,0x4cb5737aa1f94783:0x578a04c52a4c68fe,Vermont,Ramen restaurant,4.8,Stoke Ramen Bar,44.184786,-72.8353379
1022620,0x89e11a4e522aff13:0x9c2f2d9f68b75a50,Vermont,Brunch restaurant,4.4,Tulip Bar and Restaurant,42.852762,-72.5585169
1022620,0x89e11a4e522aff13:0x9c2f2d9f68b75a50,Vermont,Lunch restaurant,4.4,Tulip Bar and Restaurant,42.852762,-72.5585169
1022620,0x89e11a4e522aff13:0x9c2f2d9f68b75a50,Vermont,Mediterranean restaurant,4.4,Tulip Bar and Restaurant,42.852762,-72.5585169
1022622,0x89e11a4fa044ecaf:0xf14bddf7e25d1e58,Vermont,Korean restaurant,4.3,Shin-La Restaurant & Sushi Bar,42.851544,-72.55749949999999
1022622,0x89e11a4fa044ecaf:0xf14bddf7e25d1e58,Vermont,Asian restaurant,4.3,Shin-La Restaurant & Sushi Bar,42.851544,-72.55749949999999
1022622,0x89e11a4fa044ecaf:0xf14bddf7e25d1e58,Vermont,Japanese restaurant,4.3,Shin-La Restaurant & Sushi Bar,42.851544,-72.55749949999999
1022622,0x89e11a4fa044ecaf:0xf14bddf7e25d1e58,Vermont,Sushi restaurant,4.3,Shin-La Restaurant & Sushi Bar,42.851544,-72.55749949999999
1022632,0x89e11b9309a7f165:0xe27246de14e625fb,Vermont,Asian restaurant,3.4,Asian Gourmet,42.8532137,-72.5993623
1022632,0x89e11b9309a7f165:0xe27246de14e625fb,Vermont,Chinese restaurant,3.4,Asian Gourmet,42.8532137,-72.5993623
1022640,0x4cb506abefbd8591:0x750dcd4dba96a6c1,Vermont,Indian restaurant,4.2,Great Energy Store,44.1730233,-72.5079923
1022647,0x4cb5a7f442c6652b:0x11d1c852379a5875,Vermont,Chinese restaurant,4.1,China Star,44.2586607,-72.5762233
1022667,0x4cca770ad5b0f49f:0x6127992342b519f3,Vermont,Vegan restaurant,4.8,Sweet Alchemy Bakery and Cafe,44.5049663,-73.0899271
1022671,0x4cca7af6ba9c89bd:0x394c7b06d76ff890,Vermont,Pizza restaurant,3.5,Papa John's Pizza,44.4802601,-73.2134781
1022684,0x4cca78f69e337c4f:0x575bfdfb9547b901,Vermont,Pizza restaurant,3.8,Domino's Pizza,44.4467116,-73.1033479
1022689,0x89e02be6ddcb0ddf:0x469fa6f75c458eae,Vermont,Breakfast restaurant,4.8,Dream Maker Bakers,43.641228,-72.76738
1022689,0x89e02be6ddcb0ddf:0x469fa6f75c458eae,Vermont,Lunch restaurant,4.8,Dream Maker Bakers,43.641228,-72.76738
1022697,0x4cb44626967d16b9:0xecc63059faddfbfe,Vermont,Filipino restaurant,4.5,Pica-Pica Filipino Cuisine,44.4189584,-72.0206725
1022697,0x4cb44626967d16b9:0xecc63059faddfbfe,Vermont,Asian restaurant,4.5,Pica-Pica Filipino Cuisine,44.4189584,-72.0206725
1022715,0x89e0123464e83d29:0xce4ce2c39e860044,Vermont,Pizza restaurant,4.6,Poultney House of Pizza,43.5168655,-73.2377279
1022716,0x4cb57321b40f8e19:0xc44bdff05f647c3,Vermont,Chinese restaurant,4.2,China Fun,44.1820799,-72.8400863
1022717,0x89e024898ea29fef:0x25aeefff2f2e9596,Vermont,Hot dog restaurant,4.8,Big Lenny's Inside Job,43.603383,-72.975967
1022717,0x89e024898ea29fef:0x25aeefff2f2e9596,Vermont,Fast food restaurant,4.8,Big Lenny's Inside Job,43.603383,-72.975967
1022719,0x89e024674e9305bb:0x75ae698f398bb006,Vermont,Italian restaurant,4.8,Paisano's Italian Kitchen,43.6090979,-72.9706607
1022720,0x89e025eadcd7e031:0x70d023830d5e9443,Vermont,Indian restaurant,4.6,Little Haveli,43.6116208,-72.9723114
1022721,0x4cca1ae0dd429ba1:0xdb4db61813f4ef15,Vermont,Pizza restaurant,4.1,Domino's Pizza,44.8230599,-73.0815145
1022731,0x89e11a4e9111699b:0x222d9ee8cb050b96,Vermont,American restaurant,4.8,T. J. Buckley's,42.8512562,-72.5608834
1022733,0x89e09664f9c9faed:0x500933a29dbd38c0,Vermont,Lunch restaurant,4.8,Your Belly's Deli,42.8792063,-73.1966753
1022754,0x4cca7a42a4573b37:0x8a587cff46981d9,Vermont,Indian restaurant,3.8,India House Restaurant,44.4821453,-73.1923963
1022758,0x4cb506db8fe86531:0xc1dfa41a5d52b619,Vermont,Chinese restaurant,4.4,Asian Gourmet,44.1998024,-72.50488279999999
1022758,0x4cb506db8fe86531:0xc1dfa41a5d52b619,Vermont,Sushi restaurant,4.4,Asian Gourmet,44.1998024,-72.50488279999999
1022768,0x89e1a46944f63e79:0x95b2f3b3015b197f,Vermont,Fast food restaurant,4.3,Subway,43.1335419,-72.4433231
1022777,0x4cb586a80aa1ff27:0x80f189181b1f0ef9,Vermont,Pizza restaurant,4.2,Papa McKee's Pizzeria,44.4047432,-72.99237819999999
1022777,0x4cb586a80aa1ff27:0x80f189181b1f0ef9,Vermont,Italian restaurant,4.2,Papa McKee's Pizzeria,44.4047432,-72.99237819999999
1022786,0x4cb56566ca656e3f:0x660ba3e6e2333484,Vermont,American restaurant,4.8,Mary's,44.154758,-73.045695
1022806,0x4cca6fc68c06af93:0x6098b46b7d212f11,Vermont,Chinese restaurant,4.0,Yummy,44.5357483,-73.24762989999999
1022807,0x4cca7bb2b432b82d:0xa37cf823d9c87aba,Vermont,Italian restaurant,4.3,Mimmo’s Pizzeria & Restaurant- Burlington,44.4540307,-73.2080493
1022807,0x4cca7bb2b432b82d:0xa37cf823d9c87aba,Vermont,Pizza restaurant,4.3,Mimmo’s Pizzeria & Restaurant- Burlington,44.4540307,-73.2080493
1022808,0x4cca7bd25cf45fc9:0x7c96641630870423,Vermont,Pizza restaurant,4.3,UNCLE TONY'S PIZZA,44.4587997,-73.1793868
1022809,0x4cca657e3d480b79:0xf4d9f456bf85468c,Vermont,Asian fusion restaurant,4.9,MAYA'S KITCHEN & BAR,44.5069973,-73.24448319999999
1022809,0x4cca657e3d480b79:0xf4d9f456bf85468c,Vermont,Asian restaurant,4.9,MAYA'S KITCHEN & BAR,44.5069973,-73.24448319999999
1022812,0x4cc9f627d03ffa17:0x89ffa0c709cbb295,Vermont,Breakfast restaurant,4.6,Joey’s Junction Bakery and Cafe,44.9391396,-73.0490894
1022813,0x89e11a4fbc9be83f:0x9c9ea549173fcfd6,Vermont,Hamburger restaurant,4.1,brattleburger,42.85224,-72.557794
1022829,0x4cc9fff1055ea3cb:0x89f130fc855f8967,Vermont,American restaurant,4.3,Park Side Grill,44.9064136,-72.80533009999999
1022829,0x4cc9fff1055ea3cb:0x89f130fc855f8967,Vermont,Dessert restaurant,4.3,Park Side Grill,44.9064136,-72.80533009999999
1022829,0x4cc9fff1055ea3cb:0x89f130fc855f8967,Vermont,Hamburger restaurant,4.3,Park Side Grill,44.9064136,-72.80533009999999
1022829,0x4cc9fff1055ea3cb:0x89f130fc855f8967,Vermont,Pizza restaurant,4.3,Park Side Grill,44.9064136,-72.80533009999999
1022829,0x4cc9fff1055ea3cb:0x89f130fc855f8967,Vermont,Seafood restaurant,4.3,Park Side Grill,44.9064136,-72.80533009999999
1022832,0x4cca1b752bdb86b9:0x963405d3ec32ec73,Vermont,American restaurant,4.3,Warner's Snack Bar,44.8478204,-73.08729939999999
1022835,0x89e02463204c4f45:0xe983aa6ec88ae731,Vermont,Eclectic restaurant,4.6,Little Harry's,43.608022,-72.980256
1022838,0x89e024898d6c66bb:0xc2019e0d4a915eb5,Vermont,Pizza restaurant,3.9,Cara Mia's,43.603664,-72.976242
1022838,0x89e024898d6c66bb:0xc2019e0d4a915eb5,Vermont,Italian restaurant,3.9,Cara Mia's,43.603664,-72.976242
1022842,0x89e024bf9d2991ff:0x4c6d46bc48fd9dee,Vermont,American restaurant,3.9,Greenfield's,43.5833662,-72.9699253
1022842,0x89e024bf9d2991ff:0x4c6d46bc48fd9dee,Vermont,Breakfast restaurant,3.9,Greenfield's,43.5833662,-72.9699253
1022842,0x89e024bf9d2991ff:0x4c6d46bc48fd9dee,Vermont,Brunch restaurant,3.9,Greenfield's,43.5833662,-72.9699253
1022842,0x89e024bf9d2991ff:0x4c6d46bc48fd9dee,Vermont,Family restaurant,3.9,Greenfield's,43.5833662,-72.9699253
1022851,0x89e0e4f09a60d297:0xc60e01e4a07dcc42,Vermont,Breakfast restaurant,4.5,Cup N Saucer Restaurant,42.876308,-72.86174
1022852,0x89e0e5294a34c737:0x72a9429bb164deaa,Vermont,Pizza restaurant,4.2,Pizzeria La Toscanella,42.9416319,-72.8568986
1022854,0x89e0fab3a8701eaf:0xb01f11efae8424a,Vermont,Fine dining restaurant,4.7,Two Tannery Road,42.953907,-72.8835067
1022859,0x4cca7306c8888d3b:0x10174084dac8df33,Vermont,Chicken restaurant,3.7,Lucky Wok Chinese Restaurant,44.626855,-73.11639699999999
1022859,0x4cca7306c8888d3b:0x10174084dac8df33,Vermont,Chinese restaurant,3.7,Lucky Wok Chinese Restaurant,44.626855,-73.11639699999999
1022864,0x4cca1aeb12755ed9:0x1eb99cf8fd4fb584,Vermont,Hot dog restaurant,4.3,Hoss's Dogg House,44.8116331,-73.090805
1022873,0x4cca7a321544e5fd:0xcd4862475e9195e0,Vermont,Chicken wings restaurant,3.6,Wings Over Burlington,44.465179,-73.17903559999999
1022874,0x4cca77a121c475ff:0x288ef2e5b0e85d6,Vermont,Thai restaurant,4.3,Sukho Thai Restaurant,44.5061263,-73.0818034
1022874,0x4cca77a121c475ff:0x288ef2e5b0e85d6,Vermont,Asian restaurant,4.3,Sukho Thai Restaurant,44.5061263,-73.0818034
1022874,0x4cca77a121c475ff:0x288ef2e5b0e85d6,Vermont,Southeast Asian restaurant,4.3,Sukho Thai Restaurant,44.5061263,-73.0818034
1022879,0x89e09663a9d4330b:0xb47231f88b278129,Vermont,Fast food restaurant,3.9,Subway,42.8830354,-73.1964237
1022893,0x89e05c6b0ebe27b9:0x73e990e02f4376b1,Vermont,American restaurant,4.7,Chantecleer Restaurant,43.219532,-73.0129623
1022895,0x89e08c74a1da15e1:0x996942581fa51654,Vermont,Fast food restaurant,4.6,Arlington Dairy Bar,43.06462,-73.1572489
1022912,0x4cca7bde4becba2f:0xdbc6f7bdb16dcdd6,Vermont,Vietnamese restaurant,4.7,Saigon Kitchen,44.484715,-73.217489
1022912,0x4cca7bde4becba2f:0xdbc6f7bdb16dcdd6,Vermont,Asian restaurant,4.7,Saigon Kitchen,44.484715,-73.217489
1022912,0x4cca7bde4becba2f:0xdbc6f7bdb16dcdd6,Vermont,Pho restaurant,4.7,Saigon Kitchen,44.484715,-73.217489
1022912,0x4cca7bde4becba2f:0xdbc6f7bdb16dcdd6,Vermont,Southeast Asian restaurant,4.7,Saigon Kitchen,44.484715,-73.217489
1022914,0x89e0970d5f66e4e1:0xd2d71b977067e117,Vermont,Fast food restaurant,3.0,Taco Bell,42.894157,-73.2031094
1022914,0x89e0970d5f66e4e1:0xd2d71b977067e117,Vermont,Mexican restaurant,3.0,Taco Bell,42.894157,-73.2031094
1022919,0x89e11a4fabf0da63:0x8f06d3d257cb8689,Vermont,New American restaurant,4.7,Peter Havens Restaurant,42.851939,-72.558752
1022924,0x4cc9fff124ee1d1b:0xeb59c085cdf3988b,Vermont,Pizza restaurant,4.1,Enosburg House of Pizza,44.9057109,-72.8055718
1022925,0x4cca78f4200fca59:0xff410e80ec2d8ae1,Vermont,Chinese restaurant,4.0,Naru,44.4465383,-73.10338399999999
1022927,0x89e01a7f0393df1f:0xe9a77af7c4068af9,Vermont,Pizza restaurant,4.2,Paul's Pizza,43.6075371,-73.2259218
1022929,0x89e02bdcc6be4283:0xc450217a07403a7b,Vermont,Pizza restaurant,3.9,Outback Pizza Killington,43.636107,-72.793486
1022931,0x4cca1aad023e1a39:0x9bb576a100c4e868,Vermont,Breakfast restaurant,3.8,Dunkin',44.7951516,-73.072923
1022931,0x4cca1aad023e1a39:0x9bb576a100c4e868,Vermont,Fast food restaurant,3.8,Dunkin',44.7951516,-73.072923
1022932,0x89e0246284152ab5:0x858365a9e844a619,Vermont,American restaurant,4.5,Kelvans,43.6058578,-72.97892759999999
1022933,0x89e1b11a8565a213:0x94c8f93f2b540a13,Vermont,Breakfast restaurant,4.5,Heritage Deli & Bakery,43.254922,-72.57883199999999
1022936,0x4cb54333383142c5:0x2d0deb1e233b30ec,Vermont,Chinese restaurant,4.0,Magic Wok,43.9904029,-73.137995
1022937,0x4cb55d03e6cfce97:0x253d7f32f447dc88,Vermont,Breakfast restaurant,3.0,Shafer's Market & Deli,44.0118567,-73.17083199999999
1022937,0x4cb55d03e6cfce97:0x253d7f32f447dc88,Vermont,Pizza restaurant,3.0,Shafer's Market & Deli,44.0118567,-73.17083199999999
1022947,0x89e02177df0500df:0x1d94d023a2ad5f73,Vermont,American restaurant,4.5,Franklins,43.6627517,-73.0403097
1022947,0x89e02177df0500df:0x1d94d023a2ad5f73,Vermont,Family restaurant,4.5,Franklins,43.6627517,-73.0403097
1022947,0x89e02177df0500df:0x1d94d023a2ad5f73,Vermont,Italian restaurant,4.5,Franklins,43.6627517,-73.0403097
1022947,0x89e02177df0500df:0x1d94d023a2ad5f73,Vermont,Pizza restaurant,4.5,Franklins,43.6627517,-73.0403097
1022958,0x4cb5a7f47b2aa841:0x17c6ef61e6e79aa5,Vermont,Mexican restaurant,3.9,deMena's,44.259443,-72.576156
1022964,0x4cca7b5e05789ef9:0x784edcfe537d755f,Vermont,Brunch restaurant,4.8,Nomad Coffee,44.4557315,-73.2182955
1022964,0x4cca7b5e05789ef9:0x784edcfe537d755f,Vermont,Lunch restaurant,4.8,Nomad Coffee,44.4557315,-73.2182955
1022972,0x4cb56597d0dfde65:0x85a189bf000d237a,Vermont,Chinese restaurant,4.3,Wokky's,44.1328709,-73.0777401
1022974,0x89e1a44210859cc7:0x2c4ff24c244487e3,Vermont,Pizza restaurant,4.5,Famous Pizza,43.1349587,-72.4505147
1022974,0x89e1a44210859cc7:0x2c4ff24c244487e3,Vermont,Fast food restaurant,4.5,Famous Pizza,43.1349587,-72.4505147
1022976,0x89e03affd2bad155:0x19ce8a714be15cb4,Vermont,American restaurant,4.4,Rutland Airport The Hangar Cafe,43.5276216,-72.9453678
1022981,0x4cca7a54bcca0983:0x8f732f2904822b21,Vermont,Organic restaurant,4.8,Tomgirl Kitchen,44.4723172,-73.2144363
1022981,0x4cca7a54bcca0983:0x8f732f2904822b21,Vermont,Breakfast restaurant,4.8,Tomgirl Kitchen,44.4723172,-73.2144363
1022981,0x4cca7a54bcca0983:0x8f732f2904822b21,Vermont,Gluten-free restaurant,4.8,Tomgirl Kitchen,44.4723172,-73.2144363
1022981,0x4cca7a54bcca0983:0x8f732f2904822b21,Vermont,Lunch restaurant,4.8,Tomgirl Kitchen,44.4723172,-73.2144363
1022981,0x4cca7a54bcca0983:0x8f732f2904822b21,Vermont,Raw food restaurant,4.8,Tomgirl Kitchen,44.4723172,-73.2144363
1022981,0x4cca7a54bcca0983:0x8f732f2904822b21,Vermont,Vegan restaurant,4.8,Tomgirl Kitchen,44.4723172,-73.2144363
1022981,0x4cca7a54bcca0983:0x8f732f2904822b21,Vermont,Vegetarian restaurant,4.8,Tomgirl Kitchen,44.4723172,-73.2144363
1022985,0x4cca7ddb2403a833:0x60cdf128c4e1f546,Vermont,New American restaurant,4.3,Bearded Frog,44.3810116,-73.22702
1022985,0x4cca7ddb2403a833:0x60cdf128c4e1f546,Vermont,American restaurant,4.3,Bearded Frog,44.3810116,-73.22702
1022985,0x4cca7ddb2403a833:0x60cdf128c4e1f546,Vermont,Eclectic restaurant,4.3,Bearded Frog,44.3810116,-73.22702
1022992,0x4cc9ffe605012e1f:0x6333a58fcaa8a06f,Vermont,Fast food restaurant,3.1,McDonald's,44.9131135,-72.7966172
1022992,0x4cc9ffe605012e1f:0x6333a58fcaa8a06f,Vermont,Breakfast restaurant,3.1,McDonald's,44.9131135,-72.7966172
1022992,0x4cc9ffe605012e1f:0x6333a58fcaa8a06f,Vermont,Hamburger restaurant,3.1,McDonald's,44.9131135,-72.7966172
1023008,0x4cb5abd01248b201:0x845df15e7e594567,Vermont,Pizza restaurant,4.3,Positive Pie,44.277862,-72.42457
1023008,0x4cb5abd01248b201:0x845df15e7e594567,Vermont,Family restaurant,4.3,Positive Pie,44.277862,-72.42457
1023008,0x4cb5abd01248b201:0x845df15e7e594567,Vermont,Italian restaurant,4.3,Positive Pie,44.277862,-72.42457
1023012,0x4cca7c16f674e2d3:0xb54c489a1f822066,Vermont,Breakfast restaurant,3.8,Bruegger's Bagels,44.4123653,-73.2137785
1023017,0x4cca7af832d361bf:0x8de30bcd579c96a8,Vermont,Italian restaurant,4.8,Sotto Enoteca,44.4755802,-73.2138173
1023019,0x4cb4d989eddfa507:0xc7ef6f4ac2eb7d22,Vermont,Pizza restaurant,4.4,Royalton Village Pizza,43.825705,-72.565793
1023023,0x4cb55d04033696bd:0x97096fb7b2fc6a8c,Vermont,American restaurant,4.6,Storm Cafe,44.013226,-73.170079
1023023,0x4cb55d04033696bd:0x97096fb7b2fc6a8c,Vermont,Italian restaurant,4.6,Storm Cafe,44.013226,-73.170079
1023030,0x4cca7ddb833d5b09:0x1051ec324352077a,Vermont,Italian restaurant,4.5,Cucina Antica,44.379523,-73.225137
1023037,0x4cb54675f53f840d:0x8767afac34482fa8,Vermont,American restaurant,4.1,Paddlers Pub,43.9073159,-73.0855175
1023040,0x4cb544861ca04e7f:0x63d027dc7c049d7a,Vermont,Mexican restaurant,4.6,Tac-O' de Town,44.0186826,-73.16988649999999
1023050,0x89e10601ec8d0631:0x3468aa915d9aa5bd,Vermont,American restaurant,4.6,The Gleanery,42.9751312,-72.5223499
1023060,0x4cca1b1028ee6747:0xb0f7c97d99f38fdf,Vermont,Fast food restaurant,3.5,Subway,44.838947,-73.0829624
1023061,0x4cca025fe20ad797:0x7f41f5778e5ac33d,Vermont,Pizza restaurant,4.6,Papa Noel's Pizzeria,44.9025651,-72.9494907
1023071,0x89e02bc58c0c00dd:0xf8cbfa8845172f96,Vermont,Breakfast restaurant,4.5,Sunup Bakery,43.6410959,-72.7886063
1023071,0x89e02bc58c0c00dd:0xf8cbfa8845172f96,Vermont,Lunch restaurant,4.5,Sunup Bakery,43.6410959,-72.7886063
1023089,0x89e1a4690f45ee97:0x27e3b2ddc93b9d4a,Vermont,Irish restaurant,4.1,Donovan's,43.1352965,-72.4461061
1023090,0x4cca774c898c4bf5:0xda354e99c61c8dc7,Vermont,Chinese restaurant,3.9,Hop Sing,44.5062602,-73.1362673
1023109,0x4cca71bba40f7e85:0x5364ac0380a39094,Vermont,Breakfast restaurant,4.4,Starbucks,44.50708,-73.17994999999999
1023116,0x4cb5eab4fde6e12b:0xe29434c7c63d3f5f,Vermont,Lunch restaurant,4.7,Railroad Café,44.5640097,-72.5980189
1023123,0x4cca1e71dfb819e5:0xf68a7cc9f49047ec,Vermont,Breakfast restaurant,4.0,Dunkin',44.9215572,-73.1123236
1023123,0x4cca1e71dfb819e5:0xf68a7cc9f49047ec,Vermont,Fast food restaurant,4.0,Dunkin',44.9215572,-73.1123236
1023128,0x4cca7af6842d4475:0x3dbb6b7256d0e975,Vermont,Chinese restaurant,3.7,Fu Da Chinese Restaurant,44.4803456,-73.2115354
1023133,0x4cca7bae3ce63f99:0x60d7c06c1f794502,Vermont,Breakfast restaurant,3.9,Dunkin',44.4598601,-73.2076713
1023133,0x4cca7bae3ce63f99:0x60d7c06c1f794502,Vermont,Fast food restaurant,3.9,Dunkin',44.4598601,-73.2076713
1023137,0x4cca70851a50ca47:0x4043ab12094ee5f5,Vermont,Breakfast restaurant,3.5,Dunkin',44.5044772,-73.1812865
1023137,0x4cca70851a50ca47:0x4043ab12094ee5f5,Vermont,Fast food restaurant,3.5,Dunkin',44.5044772,-73.1812865
1023142,0x4cca1e718ca02fa7:0x757b488cdc0f1f0d,Vermont,Fast food restaurant,3.9,Subway,44.9222621,-73.1102358
1023146,0x89e051650d99a8fb:0x6e8beef93547033e,Vermont,New American restaurant,4.7,SoLo Farm & Table,43.1940945,-72.81436649999999
1023147,0x89e1cac9b482f723:0x3a6857aeeff06dfa,Vermont,Fine dining restaurant,4.6,The Downtown Grocery,43.3955469,-72.7012415
1023153,0x4cca7b4d35cc3e07:0xdbef4c8c12a3d90d,Vermont,Gluten-free restaurant,4.6,Fresh Bubble Tea & Juice,44.4658384,-73.1841453
1023153,0x4cca7b4d35cc3e07:0xdbef4c8c12a3d90d,Vermont,Vegan restaurant,4.6,Fresh Bubble Tea & Juice,44.4658384,-73.1841453
1023161,0x4cca775c277a6c43:0xb96b3667aef2342d,Vermont,Breakfast restaurant,3.6,Dunkin',44.4957998,-73.1238319
1023161,0x4cca775c277a6c43:0xb96b3667aef2342d,Vermont,Fast food restaurant,3.6,Dunkin',44.4957998,-73.1238319
1023162,0x4cca77a0a09186ef:0xe08e3dde3c164893,Vermont,Breakfast restaurant,3.7,Dunkin',44.5080504,-73.08563629999999
1023162,0x4cca77a0a09186ef:0xe08e3dde3c164893,Vermont,Fast food restaurant,3.7,Dunkin',44.5080504,-73.08563629999999
1023165,0x4cca77629e0ce505:0x3ed49fe5a8e10a00,Vermont,Pizza restaurant,3.6,Domino's Pizza,44.492675,-73.117823
1023170,0x4cb607f1d070f1bb:0xb87cd26614aa1879,Vermont,American restaurant,4.5,Bernie's Restaurant,44.8781628,-72.6088977
1023170,0x4cb607f1d070f1bb:0xb87cd26614aa1879,Vermont,Breakfast restaurant,4.5,Bernie's Restaurant,44.8781628,-72.6088977
1023170,0x4cb607f1d070f1bb:0xb87cd26614aa1879,Vermont,Lunch restaurant,4.5,Bernie's Restaurant,44.8781628,-72.6088977
1023170,0x4cb607f1d070f1bb:0xb87cd26614aa1879,Vermont,Mexican restaurant,4.5,Bernie's Restaurant,44.8781628,-72.6088977
1023170,0x4cb607f1d070f1bb:0xb87cd26614aa1879,Vermont,Seafood restaurant,4.5,Bernie's Restaurant,44.8781628,-72.6088977
1023177,0x4cca7ba7939418d3:0xc23806a0beccf147,Vermont,Vietnamese restaurant,4.3,Pho Son,44.4770007,-73.211325
1023178,0x89e11b92160c9ed7:0x6363df930973d4c4,Vermont,Pizza restaurant,4.2,West Brattleboro Pizza,42.855202,-72.6018812
1023181,0x89e11b871280e9c7:0x162e8c13dac38a20,Vermont,Breakfast restaurant,4.8,Biscuit Shed,42.8810627,-72.5581052
1023182,0x4cca7af824edfff7:0x80dab458502fdeb6,Vermont,Thai restaurant,4.2,Thai Dishes,44.4756122,-73.21272619999999
1023183,0x89e05e459af82937:0x21138871f8f5da46,Vermont,American restaurant,4.1,Mystic Cafe & Wine Bar,43.1770047,-73.0558836
1023184,0x89e02462e220291b:0xee9163a767f6fdf4,Vermont,Japanese restaurant,4.5,Tokyo House,43.6076778,-72.9796886
1023191,0x89e025e6dc8a2545:0xb001406e2159e751,Vermont,Mexican restaurant,3.2,Chipotle Mexican Grill,43.6109324,-72.9731699
1023191,0x89e025e6dc8a2545:0xb001406e2159e751,Vermont,Fast food restaurant,3.2,Chipotle Mexican Grill,43.6109324,-72.9731699
1023192,0x89e01022f32dc2d9:0x43e0987d8fe611e2,Vermont,American restaurant,4.5,Fair Haven Inn,43.5917556,-73.26723059999999
1023194,0x4cb671943701acab:0xf46b232cd269386d,Vermont,Italian restaurant,4.5,Lago Trattoria,44.935971,-72.208167
1023194,0x4cb671943701acab:0xf46b232cd269386d,Vermont,Mediterranean restaurant,4.5,Lago Trattoria,44.935971,-72.208167
1023196,0x4cb671943a3e2225:0x8d0dd9764b248f4f,Vermont,Breakfast restaurant,4.6,Brenda's Homestyle Cookin,44.9358221,-72.208441
1023202,0x4cb5977c1de9a37f:0xaa08427d1d98bffa,Vermont,Thai restaurant,4.6,Stowe Asian Cuisine,44.47229,-72.68852989999999
1023203,0x89e1a459779eee6f:0x89ae8ecc2d9f4f50,Vermont,Chinese restaurant,3.4,Golden Fortune,43.1485939,-72.4584694
1023203,0x89e1a459779eee6f:0x89ae8ecc2d9f4f50,Vermont,Asian restaurant,3.4,Golden Fortune,43.1485939,-72.4584694
1023223,0x4cb5a7f5e31d07df:0x5ae41fb42ad0d035,Vermont,Breakfast restaurant,3.9,Dunkin',44.2557756,-72.5760573
1023223,0x4cb5a7f5e31d07df:0x5ae41fb42ad0d035,Vermont,Fast food restaurant,3.9,Dunkin',44.2557756,-72.5760573
1023224,0x4cb598ed8d164e67:0xcfb11edd64c9b4cb,Vermont,American restaurant,4.6,Apple Core,44.3816692,-72.7203336
1023225,0x4cb59f312616a263:0x1b5c728ac3fcd343,Vermont,Chinese restaurant,4.2,Hong Kong Chinese Restaurant,44.349929,-72.742374
1023228,0x4cca7762ea62b837:0x842a2d78271b6c4e,Vermont,Fast food restaurant,3.5,McDonald's,44.4949212,-73.1223375
1023228,0x4cca7762ea62b837:0x842a2d78271b6c4e,Vermont,Breakfast restaurant,3.5,McDonald's,44.4949212,-73.1223375
1023228,0x4cca7762ea62b837:0x842a2d78271b6c4e,Vermont,Hamburger restaurant,3.5,McDonald's,44.4949212,-73.1223375
1023230,0x4cca1ac05656d6f9:0x8539fb171f2a841b,Vermont,Traditional restaurant,4.5,Eastern Dragon,44.8104681,-73.08381469999999
1023230,0x4cca1ac05656d6f9:0x8539fb171f2a841b,Vermont,Chinese restaurant,4.5,Eastern Dragon,44.8104681,-73.08381469999999
1023230,0x4cca1ac05656d6f9:0x8539fb171f2a841b,Vermont,Sushi restaurant,4.5,Eastern Dragon,44.8104681,-73.08381469999999
1023238,0x4cb587203a5984e3:0x1008a0aa8b0f3d5f,Vermont,Pizza restaurant,4.8,Stone's Throw Pizza - Richmond,44.4025061,-72.9968444
1023241,0x4cb4462416141b95:0xd7c7ab5314d78d1d,Vermont,Breakfast restaurant,4.7,Cosmic Cup Café,44.4184279,-72.018632
1023241,0x4cb4462416141b95:0xd7c7ab5314d78d1d,Vermont,Lunch restaurant,4.7,Cosmic Cup Café,44.4184279,-72.018632
1023243,0x89e0237a2396cc05:0x9004a7b30fa8321,Vermont,Breakfast restaurant,3.6,Dunkin',43.6040174,-73.0032868
1023243,0x89e0237a2396cc05:0x9004a7b30fa8321,Vermont,Fast food restaurant,3.6,Dunkin',43.6040174,-73.0032868
1023244,0x89e1cac1ef35e657:0xccf9df852efd6155,Vermont,Pizza restaurant,4.0,Ludlow Village Pizza,43.3958333,-72.6869444
1023252,0x89e02464ac49ec89:0xc059a1efc66ab162,Vermont,Italian restaurant,4.7,Italian American Club,43.6107543,-72.9814075
1023253,0x89e01a730d7d4a75:0x9f08d0f0ecb5ba73,Vermont,Breakfast restaurant,3.5,Dunkin',43.6087104,-73.2079582
1023253,0x89e01a730d7d4a75:0x9f08d0f0ecb5ba73,Vermont,Fast food restaurant,3.5,Dunkin',43.6087104,-73.2079582
1023260,0x89e024624c7c3a53:0x97bb0c81ec4adb33,Vermont,Pizza restaurant,4.1,Domino's Pizza,43.6072861,-72.9775384
1023281,0x4cb506dafdb06fef:0xc84a72cad4fb804a,Vermont,Breakfast restaurant,4.6,Maria's Bagels,44.1983358,-72.5029508
1023300,0x4cb4fafbecfe4eab:0x614217c3977457a7,Vermont,Pizza restaurant,4.5,Waits River General Store,44.0899389,-72.2836911
1023304,0x4cb521eb6b1a90fb:0xe01ddda161b0fd75,Vermont,Fast food restaurant,3.7,Subway,43.944279,-72.6250445
1023305,0x89e0966206f83585:0x8ae04920d9d642fd,Vermont,American restaurant,4.2,Jensen's,42.8859528,-73.1993083
1023305,0x89e0966206f83585:0x8ae04920d9d642fd,Vermont,Breakfast restaurant,4.2,Jensen's,42.8859528,-73.1993083
1023305,0x89e0966206f83585:0x8ae04920d9d642fd,Vermont,Lunch restaurant,4.2,Jensen's,42.8859528,-73.1993083
1023307,0x89e05e3516fc7133:0x471cd146ecccefad,Vermont,American restaurant,4.9,The Silver Fork,43.1640172,-73.0718406
